maze_name,n_estados,n_comparados,taxa_acordo,desvio_pct,js_divergencia,terminal,avg_score_difficult,difficult_level,total_games,avg_time_to_finish,avg_moves,grid_width,grid_height,tortuosidade,area_grid,densidade
Nelroyal,86,85,0.6118,0.3882,0.1766,"('Nelroyal', 10, 13)",914.16,1,234,17.47962,20.84,11,16,0.7719,176,0.1184
Sunset Serengeti,731,730,0.6288,0.3712,0.2424,"('Sunset Serengeti', 40, 33)",342.4,5,60,191.605331,293.7,49,43,3.1924,2107,0.1394
North Stranthorpe,164,163,0.6319,0.3681,0.2019,"('North Stranthorpe', 9, 5)",832.45,2,193,23.478104,15.23,26,18,0.3461,468,0.0325
Downpreswood,201,200,0.635,0.365,0.1862,"('Downpreswood', 26, 10)",614.19,4,188,69.425428,78.75,34,25,1.3347,850,0.0926
Crorkan,331,330,0.6364,0.3636,0.224,"('Crorkan', 18, 24)",499.78,5,181,96.831965,117.92,31,35,1.7867,1085,0.1087
Bridtoumers,95,94,0.6383,0.3617,0.1781,"('Bridtoumers', 2, 12)",805.07,2,227,24.543553,27.28,14,22,0.7578,308,0.0886
Chimney Well,289,288,0.6389,0.3611,0.2667,"('Chimney Well', 11, 0)",648.64,4,181,56.609615,51.71,28,19,1.1002,532,0.0972
West Wotton,201,200,0.645,0.355,0.2075,"('West Wotton', 12, 4)",720.33,3,203,40.822648,45.42,28,21,0.9269,588,0.0772
Insed,990,989,0.6451,0.3549,0.2869,"('Insed', 3, 30)",580.94,5,188,38.453041,65.36,36,33,0.9472,1188,0.055
Stowen Grove,286,285,0.6456,0.3544,0.2373,"('Stowen Grove', 15, 20)",586.03,5,177,79.057745,84.24,39,22,1.381,858,0.0982
Walnut Wood,773,772,0.6477,0.3523,0.2532,"('Walnut Wood', 49, 26)",377.79,5,182,178.773975,254.54,55,31,2.9598,1705,0.1493
West Wellgreatcli,115,114,0.6491,0.3509,0.1908,"('West Wellgreatcli', 2, 10)",740.09,3,224,31.44496,35.81,12,23,1.0231,276,0.1297
Islesdean,73,72,0.6528,0.3472,0.1983,"('Islesdean', 8, 5)",770.82,3,165,29.637222,25.95,11,26,0.7014,286,0.0907
Aux Ishal,84,83,0.6627,0.3373,0.1854,"('Aux Ishal', 13, 10)",828.39,2,226,21.547932,24.32,19,23,0.579,437,0.0557
Red Tringplainspat,283,282,0.6631,0.3369,0.2189,"('Red Tringplainspat', 13, 1)",674.88,4,184,56.835208,59.18,23,31,1.0959,713,0.083
Kraigmill,367,366,0.6639,0.3361,0.2316,"('Kraigmill', 6, 25)",609.71,4,185,101.20423,99.32,28,36,1.5519,1008,0.0985
Hawkseye Harbor,346,345,0.6696,0.3304,0.2278,"('Hawkseye Harbor', 24, 28)",654.4,4,83,78.736781,81.05,42,36,1.0391,1512,0.0536
Fragan Heights,323,322,0.6739,0.3261,0.2265,"('Fragan Heights', 10, 5)",710.54,3,170,28.556665,26.25,32,27,0.4449,864,0.0304
New Elmspring,477,476,0.6744,0.3256,0.2407,"('New Elmspring', 0, 4)",707.06,3,168,76.496643,106.35,38,31,1.5413,1178,0.0903
Lymesham,135,134,0.6791,0.3209,0.1805,"('Lymesham', 7, 14)",756.05,3,224,28.956752,25.84,23,18,0.6302,414,0.0624
Rattlesnake Ridge,708,707,0.6803,0.3197,0.2311,"('Rattlesnake Ridge', 31, 30)",675.81,4,177,51.156222,78.75,42,32,1.0642,1344,0.0586
Tiche,261,260,0.6808,0.3192,0.2447,"('Tiche', 29, 8)",570.99,5,204,51.395613,55.12,30,18,1.1483,540,0.1021
Stowcold,375,374,0.6818,0.3182,0.2281,"('Stowcold', 25, 13)",523.26,5,167,84.030742,97.65,31,27,1.6836,837,0.1167
Be,176,174,0.6839,0.3161,0.1991,"('Be', 7, 15)",863.36,2,214,23.094733,24.75,21,27,0.5156,567,0.0437
Otter Creek,360,359,0.6852,0.3148,0.1795,"('Otter Creek', 19, 2)",666.09,4,45,132.012734,144.27,38,49,1.6583,1862,0.0775
Fort Egat,119,118,0.6864,0.3136,0.2016,"('Fort Egat', 6, 5)",744.33,3,222,38.296456,37.92,15,18,1.1491,270,0.1404
Black Bear Bight,345,344,0.689,0.311,0.2089,"('Black Bear Bight', 15, 1)",701.98,3,50,107.033775,120.64,53,41,1.2834,2173,0.0555
Port Rnonsta,236,235,0.6936,0.3064,0.2033,"('Port Rnonsta', 23, 2)",743.59,3,197,49.443612,68.19,26,17,1.5858,442,0.1543
Nyster Wells,174,173,0.6936,0.3064,0.2469,"('Nyster Wells', 4, 10)",860.12,2,193,14.524681,19.85,19,15,0.5838,285,0.0696
Stagskull Shore,664,663,0.6938,0.3062,0.2379,"('Stagskull Shore', 28, 29)",637.52,4,169,82.242466,116.17,56,59,1.0102,3304,0.0352
Shafton Lake,332,331,0.6949,0.3051,0.224,"('Shafton Lake', 20, 15)",563.3,5,167,118.460047,124.87,38,36,1.6874,1368,0.0913
Attau,119,118,0.6949,0.3051,0.1534,"('Attau', 20, 14)",870.76,2,221,11.441666,14.21,22,22,0.323,484,0.0294
Swangates,257,256,0.6953,0.3047,0.1595,"('Swangates', 24, 22)",811.57,2,185,62.517331,66.51,33,32,1.0232,1056,0.063
El Ton,192,191,0.6963,0.3037,0.208,"('El Ton', 18, 1)",693.53,4,188,50.539459,57.29,23,26,1.1692,598,0.0958
Silverwood-on-Lake,349,348,0.7011,0.2989,0.2111,"('Silverwood-on-Lake', 26, 1)",631.44,4,168,118.949748,133.33,29,31,2.2222,899,0.1483
Grand Stormwatch,269,268,0.7015,0.2985,0.218,"('Grand Stormwatch', 15, 9)",696.14,4,173,86.202228,89.16,26,38,1.3931,988,0.0902
Whitport,219,218,0.7018,0.2982,0.2081,"('Whitport', 22, 20)",594.01,5,193,85.03498,86.75,28,26,1.6065,728,0.1192
Aux Buwales,132,131,0.7023,0.2977,0.2111,"('Aux Buwales', 0, 14)",803.63,2,200,13.698219,16.11,12,16,0.5754,192,0.0839
Og,234,233,0.7039,0.2961,0.2309,"('Og', 2, 7)",683.77,4,223,34.109374,39.56,30,14,0.8991,420,0.0942
Branfray Bay,329,328,0.7043,0.2957,0.2085,"('Branfray Bay', 26, 11)",668.79,4,181,96.207544,105.27,34,35,1.5257,1190,0.0885
Whitebeaupr,165,164,0.7073,0.2927,0.1751,"('Whitebeaupr', 6, 24)",697.17,4,212,45.491218,41.41,21,28,0.8451,588,0.0704
Stra,358,357,0.7087,0.2913,0.2131,"('Stra', 0, 4)",726.13,3,203,26.80645,29.67,24,30,0.5494,720,0.0412
Eawi,135,134,0.709,0.291,0.1916,"('Eawi', 16, 0)",730.61,3,220,37.563585,35.68,21,14,1.0194,294,0.1214
Beakwind Bay,606,605,0.7107,0.2893,0.2315,"('Beakwind Bay', 25, 2)",538.31,5,182,101.296246,134.12,40,34,1.8124,1360,0.0986
Yassdrawich,129,128,0.7109,0.2891,0.2339,"('Yassdrawich', 2, 11)",620.83,4,212,23.07574,24.76,13,14,0.917,182,0.136
Port Carrahur,285,284,0.7113,0.2887,0.2509,"('Port Carrahur', 2, 2)",558.76,5,176,76.408741,91.02,29,25,1.6856,725,0.1255
Fipea Grove,157,156,0.7115,0.2885,0.2322,"('Fipea Grove', 7, 9)",760.43,3,224,22.855771,25.74,28,10,0.6774,280,0.0919
Churchsoundbury,338,337,0.7122,0.2878,0.2074,"('Churchsoundbury', 26, 3)",678.9,4,182,56.098199,67.45,28,23,1.3225,644,0.1047
Hawthorn Haven,425,424,0.7123,0.2877,0.1816,"('Hawthorn Haven', 3, 53)",635.59,4,46,126.279968,157.8,39,57,1.6438,2223,0.071
Cobblestone Creek,791,790,0.7139,0.2861,0.2164,"('Cobblestone Creek', 25, 13)",362.08,5,79,146.770312,186.41,56,36,2.0262,2016,0.0925
Sparrow Hill,407,406,0.7143,0.2857,0.1843,"('Sparrow Hill', 23, 17)",687.24,4,169,106.581519,142.76,52,30,1.741,1560,0.0915
Chatle,115,114,0.7193,0.2807,0.2196,"('Chatle', 1, 6)",716.04,3,225,15.419293,18.77,13,10,0.8161,130,0.1444
Tigerlily Terrace,233,232,0.7198,0.2802,0.2061,"('Tigerlily Terrace', 15, 20)",710.34,3,166,61.541444,62.8,40,38,0.8051,1520,0.0413
San Chu,212,211,0.7204,0.2796,0.167,"('San Chu', 12, 3)",724.76,3,218,32.781502,33.4,21,26,0.7106,546,0.0612
Lophiington,357,356,0.7219,0.2781,0.2133,"('Lophiington', 25, 24)",472.92,5,184,122.112344,128.64,27,33,2.144,891,0.1444
Bearpaw Brook,759,758,0.723,0.277,0.2126,"('Bearpaw Brook', 27, 27)",343.31,5,58,239.531431,293.98,41,55,3.0623,2255,0.1304
Ckrodhurstkenford,392,391,0.7238,0.2762,0.1988,"('Ckrodhurstkenford', 24, 1)",610.02,4,172,115.270958,145.76,37,35,2.0244,1295,0.1126
El Fallvey,465,464,0.7241,0.2759,0.2185,"('El Fallvey', 16, 2)",508.69,5,177,120.163466,131.27,29,31,2.1878,899,0.146
Hightree Harbor,342,341,0.7243,0.2757,0.2092,"('Hightree Harbor', 11, 18)",622.85,4,167,111.984061,107.14,37,24,1.7564,888,0.1207
Riverside Roost,405,404,0.7252,0.2748,0.2135,"('Riverside Roost', 28, 7)",605.84,4,181,84.521702,116.25,34,35,1.6848,1190,0.0977
Frostpine Fort,578,577,0.7262,0.2738,0.2336,"('Frostpine Fort', 32, 24)",664.55,4,165,101.525326,111.65,45,55,1.1165,2475,0.0451
Grandstoguquay,309,308,0.7273,0.2727,0.202,"('Grandstoguquay', 23, 6)",650.81,4,184,81.254671,94.43,40,29,1.3686,1160,0.0814
Eucalyptus Edge,452,451,0.7273,0.2727,0.2018,"('Eucalyptus Edge', 19, 24)",528.9,5,31,138.248406,197.29,50,45,2.0767,2250,0.0877
Starlight Summit,515,514,0.7276,0.2724,0.2047,"('Starlight Summit', 22, 16)",634.87,4,178,42.994372,60.58,30,28,1.0445,840,0.0721
Grand Shengates,164,163,0.7301,0.2699,0.1598,"('Grand Shengates', 8, 7)",861.17,2,218,18.434739,17.94,27,18,0.3987,486,0.0369
Port Systhaven,343,342,0.731,0.269,0.2094,"('Port Systhaven', 4, 15)",595.1,5,168,104.768902,143.94,39,17,2.5704,663,0.2171
Chammoines,325,324,0.7315,0.2685,0.218,"('Chammoines', 26, 7)",543.37,5,197,87.232499,109.74,28,24,2.1104,672,0.1633
Tyve End,230,229,0.7336,0.2664,0.1638,"('Tyve End', 13, 22)",734.27,3,182,55.727726,60.19,30,26,1.0748,780,0.0772
Selespring,156,155,0.7355,0.2645,0.23,"('Selespring', 3, 16)",682.15,4,202,47.97091,43.33,23,17,1.0832,391,0.1108
Swan Lake City,562,561,0.7362,0.2638,0.2034,"('Swan Lake City', 16, 17)",452.11,5,38,153.244264,231.26,50,54,2.2237,2700,0.0857
Shipstocruces,317,316,0.7373,0.2627,0.2004,"('Shipstocruces', 7, 16)",646.66,4,211,46.055141,55.45,28,24,1.0663,672,0.0825
Lake Montste,256,255,0.7373,0.2627,0.2238,"('Lake Montste', 5, 16)",538.21,5,183,88.377766,99.81,28,28,1.7823,784,0.1273
Gazelle Plains,380,379,0.7388,0.2612,0.211,"('Gazelle Plains', 8, 22)",665.64,4,72,91.156106,110.88,47,33,1.386,1551,0.0715
La Stryrest,342,341,0.739,0.261,0.1885,"('La Stryrest', 9, 3)",742.65,3,217,41.074958,49.38,30,26,0.8818,780,0.0633
Kingston Vale,523,522,0.7395,0.2605,0.2101,"('Kingston Vale', 28, 6)",451.93,5,75,169.220311,197.84,42,45,2.274,1890,0.1047
Dragons Descent,570,569,0.7399,0.2601,0.2065,"('Dragons Descent', 0, 16)",529.38,5,175,121.519632,141.02,38,38,1.8555,1444,0.0977
Honeysuckle Harbor,317,316,0.7405,0.2595,0.1777,"('Honeysuckle Harbor', 14, 22)",693.18,4,74,81.891422,98.39,42,40,1.1999,1680,0.0586
West Sportnga,317,316,0.7405,0.2595,0.1908,"('West Sportnga', 13, 1)",396.38,5,181,125.427741,144.03,25,30,2.6187,750,0.192
Saint Charlerush,302,301,0.7409,0.2591,0.1832,"('Saint Charlerush', 4, 19)",594.5,5,182,74.200779,71.05,24,34,1.225,816,0.0871
East Amppriest,314,313,0.7412,0.2588,0.1823,"('East Amppriest', 14, 4)",642.97,4,214,47.38705,59.81,30,22,1.1502,660,0.0906
Staincanchar River,487,486,0.7428,0.2572,0.2089,"('Staincanchar River', 14, 11)",607.24,4,177,84.146975,98.88,34,32,1.4982,1088,0.0909
Lionsmane Meadow,632,631,0.7433,0.2567,0.1892,"('Lionsmane Meadow', 19, 19)",576.09,5,166,113.25884,161.41,47,40,1.8553,1880,0.0859
New Hawkntonqa,169,168,0.744,0.256,0.2144,"('New Hawkntonqa', 9, 0)",870.99,2,205,16.839486,27.12,24,10,0.7976,240,0.113
West Wyvernhaven,388,387,0.7442,0.2558,0.2289,"('West Wyvernhaven', 12, 2)",710.26,3,183,75.632617,83.06,35,40,1.1075,1400,0.0593
North Royali,650,649,0.7458,0.2542,0.2211,"('North Royali', 36, 1)",494.6,5,167,132.90146,180.81,40,37,2.3482,1480,0.1222
Tebrobank,312,311,0.746,0.254,0.1669,"('Tebrobank', 15, 14)",556.42,5,197,52.020856,62.98,25,30,1.1451,750,0.084
Port Ironpeak,462,461,0.7462,0.2538,0.1906,"('Port Ironpeak', 12, 35)",656.55,4,172,106.772158,109.67,34,41,1.4623,1394,0.0787
Mount Xeprice,96,95,0.7474,0.2526,0.1909,"('Mount Xeprice', 15, 12)",879.26,2,224,17.248882,18.9,18,15,0.5727,270,0.07
Annmits Upon Biglonfield,200,199,0.7487,0.2513,0.1962,"('Annmits Upon Biglonfield', 24, 23)",637.25,4,167,75.001669,76.78,26,25,1.5055,650,0.1181
South Myardstian,324,323,0.7492,0.2508,0.1978,"('South Myardstian', 20, 29)",497.06,5,174,115.589652,146.21,28,31,2.4781,868,0.1684
Willow Wind,668,667,0.7496,0.2504,0.1934,"('Willow Wind', 37, 4)",578.95,5,167,96.97588,109.93,52,31,1.3245,1612,0.0682
New Lighthaven,169,168,0.75,0.25,0.1787,"('New Lighthaven', 20, 14)",672.17,4,187,58.76213,53.17,22,22,1.2084,484,0.1099
Moonshadow Mill,185,184,0.75,0.25,0.1834,"('Moonshadow Mill', 15, 9)",736.94,3,195,29.18581,38.61,20,20,0.9652,400,0.0965
Prince Salnash,518,517,0.7505,0.2495,0.2041,"('Prince Salnash', 2, 9)",646.13,4,167,36.552603,52.58,27,31,0.9066,837,0.0628
Honeydew Hollow,370,369,0.7507,0.2493,0.2082,"('Honeydew Hollow', 13, 21)",867.72,2,170,23.266398,36.64,21,22,0.8521,462,0.0793
Orchid Oasis,552,551,0.7514,0.2486,0.2046,"('Orchid Oasis', 20, 23)",473.49,5,77,131.565451,150.52,50,48,1.5359,2400,0.0627
Lionheart Landing,660,659,0.7527,0.2473,0.196,"('Lionheart Landing', 35, 11)",664.65,4,74,81.194661,118.88,58,41,1.2008,2378,0.05
Misthold,86,85,0.7529,0.2471,0.1587,"('Misthold', 7, 3)",791.27,3,186,29.091719,24.7,22,17,0.6333,374,0.066
Ucupchancombe,252,251,0.753,0.247,0.1917,"('Ucupchancombe', 23, 24)",752.98,3,167,67.434793,81.42,34,29,1.2924,986,0.0826
San Bermi,208,207,0.7536,0.2464,0.2183,"('San Bermi', 12, 14)",633.48,4,213,26.136684,35.38,14,19,1.0721,266,0.133
Wisteria Wharf,691,690,0.7536,0.2464,0.1564,"('Wisteria Wharf', 35, 0)",566.53,5,53,171.312008,178.45,44,53,1.8397,2332,0.0765
Great Oakfray,139,138,0.7536,0.2464,0.1845,"('Great Oakfray', 9, 3)",615.06,4,170,64.290267,58.51,25,19,1.3298,475,0.1232
Lolaker,407,406,0.7537,0.2463,0.1739,"('Lolaker', 30, 1)",558.11,5,166,116.944644,145.57,34,27,2.3864,918,0.1586
Prince Meadowridge,834,833,0.7539,0.2461,0.2172,"('Prince Meadowridge', 11, 0)",552.23,5,168,101.585643,158.83,33,49,1.937,1617,0.0982
Briarneach,287,286,0.7552,0.2448,0.2032,"('Briarneach', 5, 2)",615.95,4,165,64.619115,67.27,34,17,1.319,578,0.1164
Crystal Cove,799,798,0.7556,0.2444,0.2091,"('Crystal Cove', 13, 30)",685.07,4,181,50.699513,80.01,35,36,1.1269,1260,0.0635
San Charoaksearl,362,361,0.7562,0.2438,0.1849,"('San Charoaksearl', 13, 7)",560.25,5,167,149.801623,165.82,34,37,2.3355,1258,0.1318
Oakenhill,239,238,0.7563,0.2437,0.1838,"('Oakenhill', 10, 5)",755.2,3,185,57.874134,58.72,17,34,1.1514,578,0.1016
Rstonenah Du Wkenarburgh,458,456,0.7566,0.2434,0.1942,"('Rstonenah Du Wkenarburgh', 29, 8)",630.72,4,183,130.012476,146.13,38,32,2.0876,1216,0.1202
Tosqua,223,222,0.7568,0.2432,0.1562,"('Tosqua', 8, 18)",632.44,4,186,97.493585,94.06,26,24,1.8812,624,0.1507
Whispering Woods,445,444,0.7568,0.2432,0.2134,"('Whispering Woods', 4, 10)",833.95,2,186,25.803741,45.43,30,22,0.8737,660,0.0688
Montsteswaf Lake,245,244,0.7582,0.2418,0.1751,"('Montsteswaf Lake', 21, 25)",748.97,3,167,96.082739,96.35,40,30,1.3764,1200,0.0803
Rosebud Grove,718,717,0.7587,0.2413,0.2027,"('Rosebud Grove', 13, 14)",492.02,5,46,142.346195,190.61,53,56,1.7487,2968,0.0642
Bivens,180,179,0.7598,0.2402,0.1954,"('Bivens', 13, 22)",725.04,3,183,56.782998,54.82,27,25,1.0542,675,0.0812
Silverstem Shore,1504,1503,0.7598,0.2402,0.1949,"('Silverstem Shore', 16, 0)",703.75,3,181,63.876373,120.93,43,54,1.2467,2322,0.0521
Fourche-On-River,226,225,0.76,0.24,0.2042,"('Fourche-On-River', 7, 19)",850.97,2,220,17.764047,21.67,12,27,0.5556,324,0.0669
East Dicool,586,585,0.7607,0.2393,0.1887,"('East Dicool', 1, 8)",582.1,5,184,70.47287,101.88,35,36,1.4349,1260,0.0809
Silvershore Sand,386,385,0.761,0.239,0.1934,"('Silvershore Sand', 17, 20)",641.9,4,69,95.660434,114.43,55,60,0.995,3300,0.0347
Kings Berthshire,221,220,0.7636,0.2364,0.1756,"('Kings Berthshire', 17, 5)",613.82,4,186,78.231853,74.52,34,23,1.3074,782,0.0953
Doveheart Dale,674,673,0.7637,0.2363,0.1882,"('Doveheart Dale', 3, 42)",496.27,5,78,138.510559,199.08,43,52,2.0956,2236,0.089
Queens Querstone,145,144,0.7639,0.2361,0.1557,"('Queens Querstone', 2, 4)",665.97,4,184,71.860325,65.32,20,22,1.5552,440,0.1485
Wolton-On-River,209,208,0.7644,0.2356,0.1613,"('Wolton-On-River', 12, 3)",748.52,3,184,62.017181,70.44,20,32,1.3546,640,0.1101
Luiscombepool,385,384,0.7656,0.2344,0.1888,"('Luiscombepool', 17, 2)",766.72,3,167,37.531585,40.91,32,24,0.7305,768,0.0533
Amethyst Arbor,524,523,0.7667,0.2333,0.192,"('Amethyst Arbor', 17, 17)",761.68,3,168,33.92741,46.48,24,36,0.7747,864,0.0538
Sihovebly,473,472,0.7669,0.2331,0.1989,"('Sihovebly', 5, 20)",531.89,5,184,122.58706,148.86,38,34,2.0675,1292,0.1152
Hemlock Haven,526,525,0.7676,0.2324,0.2049,"('Hemlock Haven', 21, 8)",425.85,5,40,216.746708,239.72,53,33,2.7874,1749,0.1371
Northnettle Nook,1264,1263,0.7704,0.2296,0.2041,"('Northnettle Nook', 3, 40)",730.47,3,169,68.378656,107.29,41,49,1.1921,2009,0.0534
Marigold Mound,572,571,0.7706,0.2294,0.1723,"('Marigold Mound', 22, 8)",762.08,3,183,26.561169,46.88,39,27,0.7103,1053,0.0445
Rnieroynaspa,511,510,0.7706,0.2294,0.1831,"('Rnieroynaspa', 6, 1)",588.51,5,176,135.083073,162.15,36,38,2.1912,1368,0.1185
Plai Hill,106,105,0.7714,0.2286,0.1555,"('Plai Hill', 6, 2)",728.87,3,201,28.399357,29.8,13,20,0.903,260,0.1146
Souan,446,445,0.773,0.227,0.2006,"('Souan', 2, 32)",462.91,5,181,119.192673,157.02,27,34,2.5741,918,0.171
Nchinmoo,231,230,0.7739,0.2261,0.2247,"('Nchinmoo', 25, 1)",569.13,5,223,69.017604,92.55,28,25,1.7462,700,0.1322
Mount Meagan Upon Eastring,308,307,0.7752,0.2248,0.1562,"('Mount Meagan Upon Eastring', 1, 25)",657.74,4,168,95.680561,115.38,32,26,1.9893,832,0.1387
Becclesgreennkport,202,201,0.7761,0.2239,0.2076,"('Becclesgreennkport', 6, 20)",651.14,4,218,60.361823,67.33,26,30,1.2023,780,0.0863
Niofort,238,237,0.7764,0.2236,0.1726,"('Niofort', 21, 9)",637.03,4,184,93.574569,110.86,32,25,1.9449,800,0.1386
Starshine Strand,1509,1508,0.7765,0.2235,0.1965,"('Starshine Strand', 3, 42)",728.89,3,178,58.380263,118.78,47,55,1.1645,2585,0.0459
New Farnbro,212,211,0.7773,0.2227,0.1336,"('New Farnbro', 20, 9)",670.96,4,166,76.446325,81.2,23,24,1.7277,552,0.1471
Silverthistle Port,1243,1242,0.7778,0.2222,0.1878,"('Silverthistle Port', 7, 35)",787.03,3,181,53.623617,90.86,46,43,1.0209,1978,0.0459
Misty Harbor,790,789,0.7782,0.2218,0.19,"('Misty Harbor', 27, 13)",736.86,3,173,38.26236,64.23,30,38,0.9446,1140,0.0563
Southsun Summit,1769,1768,0.7788,0.2212,0.1863,"('Southsun Summit', 39, 42)",677.45,4,186,68.916917,113.27,60,52,1.0113,3120,0.0363
New Lummis,378,377,0.7798,0.2202,0.1577,"('New Lummis', 21, 18)",691.81,4,165,43.685222,62.53,27,29,1.1166,783,0.0799
Wolf Willow,870,869,0.7802,0.2198,0.164,"('Wolf Willow', 21, 30)",632.76,4,79,75.258167,103.3,60,31,1.1352,1860,0.0555
Moonlit Meadow,459,458,0.7817,0.2183,0.1758,"('Moonlit Meadow', 11, 11)",795.36,3,182,27.987143,47.21,32,30,0.7615,960,0.0492
Mistyfern Harbor,1390,1389,0.7826,0.2174,0.1805,"('Mistyfern Harbor', 0, 25)",747.48,3,183,62.978618,109.63,47,51,1.1187,2397,0.0457
Grand Kamaydam,237,236,0.7839,0.2161,0.1786,"('Grand Kamaydam', 22, 26)",720.55,3,171,75.617053,100.68,31,37,1.4806,1147,0.0878
Pabea,228,227,0.7841,0.2159,0.1838,"('Pabea', 15, 3)",584.96,5,208,65.651154,65.88,30,21,1.2918,630,0.1046
Ravenflower Rock,1307,1306,0.7856,0.2144,0.1832,"('Ravenflower Rock', 47, 1)",789.36,3,181,56.754256,97.36,54,36,1.0818,1944,0.0501
Rainrose Ruin,1588,1587,0.7858,0.2142,0.202,"('Rainrose Ruin', 9, 5)",727.74,3,182,55.306255,105.82,58,37,1.1139,2146,0.0493
Lushleaf Landing,886,885,0.7876,0.2124,0.1795,"('Lushleaf Landing', 24, 9)",770.6,3,166,36.318586,62.3,39,39,0.7987,1521,0.041
Copperfield Cliff,884,883,0.7882,0.2118,0.1584,"('Copperfield Cliff', 1, 31)",476.33,5,72,107.034409,158.33,43,59,1.5523,2537,0.0624
Silkseed Sanctuary,1558,1557,0.7893,0.2107,0.173,"('Silkseed Sanctuary', 47, 2)",794.28,3,184,52.526303,95.33,58,37,1.0035,2146,0.0444
Saint Cliffebray,262,261,0.7893,0.2107,0.1758,"('Saint Cliffebray', 20, 1)",472.22,5,173,126.46665,151.05,31,31,2.4363,961,0.1572
Sparrowspike Spire,1191,1190,0.7899,0.2101,0.1819,"('Sparrowspike Spire', 40, 37)",694.07,4,181,63.9313,107.55,59,38,1.1088,2242,0.048
Garnet Gulch,551,550,0.7909,0.2091,0.1805,"('Garnet Gulch', 1, 14)",787.39,3,171,35.474195,61.94,26,35,1.0154,910,0.0681
Starbud Shore,1223,1222,0.7913,0.2087,0.1722,"('Starbud Shore', 32, 4)",642.95,4,179,70.478315,124.64,40,56,1.2983,2240,0.0556
Lavender Lagoon,399,398,0.7915,0.2085,0.1604,"('Lavender Lagoon', 2, 12)",787.28,3,172,41.382928,61.42,38,21,1.041,798,0.077
Emerald Enclave,483,482,0.7925,0.2075,0.1714,"('Emerald Enclave', 10, 22)",630.48,4,185,68.341002,92.56,40,28,1.3612,1120,0.0826
Cranfleet,165,164,0.7927,0.2073,0.1408,"('Cranfleet', 20, 15)",700.0,3,218,50.969215,49.44,26,21,1.0519,546,0.0905
Amberfall Anchorage,624,623,0.7929,0.2071,0.1922,"('Amberfall Anchorage', 4, 3)",756.66,3,184,46.044656,75.57,34,29,1.1995,986,0.0766
Glinting Glade,311,310,0.7935,0.2065,0.1531,"('Glinting Glade', 22, 41)",374.8,5,30,145.429341,173.2,50,47,1.7856,2350,0.0737
Phoenix Pines,623,622,0.7942,0.2058,0.1579,"('Phoenix Pines', 18, 27)",733.28,3,167,50.25617,68.08,37,33,0.9726,1221,0.0558
Moonmoss Marsh,1908,1907,0.7944,0.2056,0.1764,"('Moonmoss Marsh', 4, 46)",763.52,3,182,64.928205,113.85,51,57,1.0542,2907,0.0392
Snowpea Summit,1263,1262,0.7948,0.2052,0.1721,"('Snowpea Summit', 4, 1)",803.21,2,181,56.073069,107.33,48,39,1.2337,1872,0.0573
Lowspert With Asstell River,201,200,0.795,0.205,0.1507,"('Lowspert With Asstell River', 25, 3)",786.12,3,182,63.508945,83.28,27,28,1.5142,756,0.1102
Saint Kipre,419,418,0.7967,0.2033,0.2003,"('Saint Kipre', 6, 10)",695.88,4,184,57.052526,59.29,36,33,0.8593,1188,0.0499
Ravenroot Ridge,1277,1276,0.797,0.203,0.1614,"('Ravenroot Ridge', 10, 27)",665.42,4,178,68.583009,112.9,53,53,1.0651,2809,0.0402
Hadfupu Bay,371,370,0.7973,0.2027,0.1987,"('Hadfupu Bay', 18, 2)",566.85,5,183,118.015038,140.56,31,30,2.3043,930,0.1511
Obsidian Oasis,668,667,0.7976,0.2024,0.1702,"('Obsidian Oasis', 30, 9)",800.31,2,167,30.428374,57.66,38,30,0.8479,1140,0.0506
Ravenshadow Ridge,461,460,0.7978,0.2022,0.1828,"('Ravenshadow Ridge', 8, 1)",786.65,3,167,30.109427,51.69,29,25,0.9572,725,0.0713
Sunflower Glade,1476,1475,0.798,0.202,0.192,"('Sunflower Glade', 7, 6)",769.29,3,184,48.604118,109.8,57,42,1.1091,2394,0.0459
Thunderbolt Terrace,625,624,0.7981,0.2019,0.1722,"('Thunderbolt Terrace', 29, 32)",734.92,3,184,49.322739,79.68,31,36,1.1893,1116,0.0714
Port Worthforks,289,288,0.7986,0.2014,0.1784,"('Port Worthforks', 19, 21)",694.38,4,186,51.579443,54.22,33,33,0.8215,1089,0.0498
Ivywood,633,632,0.7991,0.2009,0.1845,"('Ivywood', 14, 5)",765.45,3,167,33.748637,59.44,24,40,0.9288,960,0.0619
Jeweljasmine Junction,445,444,0.7995,0.2005,0.1793,"('Jeweljasmine Junction', 12, 7)",825.01,2,169,22.099229,38.87,22,28,0.7774,616,0.0631
Thallmil,131,130,0.8,0.2,0.1518,"('Thallmil', 6, 10)",759.12,3,224,43.403689,47.07,25,11,1.3075,275,0.1712
Springbud Stronghold,1240,1239,0.8006,0.1994,0.1808,"('Springbud Stronghold', 47, 37)",797.0,3,181,54.300599,105.04,55,38,1.1295,2090,0.0503
Moose Harry,609,608,0.801,0.199,0.1805,"('Moose Harry', 27, 2)",602.39,4,167,111.580717,151.74,38,33,2.1372,1254,0.121
Elmead,142,141,0.8014,0.1986,0.1635,"('Elmead', 8, 14)",611.49,4,171,38.331174,34.68,20,19,0.8892,380,0.0913
Fort Sillos,112,111,0.8018,0.1982,0.1529,"('Fort Sillos', 10, 15)",712.86,3,202,37.658925,40.58,14,17,1.309,238,0.1705
Sunstone Shores,405,404,0.802,0.198,0.1747,"('Sunstone Shores', 20, 15)",626.47,4,167,49.525773,61.05,25,35,1.0175,875,0.0698
Pearlbrook Port,638,637,0.8022,0.1978,0.199,"('Pearlbrook Port', 28, 1)",816.2,2,181,36.391917,67.04,30,31,1.099,930,0.0721
Wnaldeanshot,382,381,0.8031,0.1969,0.1548,"('Wnaldeanshot', 24, 13)",755.42,3,224,25.54775,40.55,26,25,0.7951,650,0.0624
Nightnarcissus Nave,1461,1460,0.8068,0.1932,0.1763,"('Nightnarcissus Nave', 48, 7)",736.46,3,167,57.251796,112.12,55,49,1.0781,2695,0.0416
Tidalteasel Town,1743,1742,0.8077,0.1923,0.1603,"('Tidalteasel Town', 42, 2)",754.05,3,171,54.558015,114.47,58,53,1.0313,3074,0.0372
Opal Orchard,564,563,0.8099,0.1901,0.1677,"('Opal Orchard', 19, 2)",757.46,3,166,39.656676,59.39,38,28,0.8998,1064,0.0558
Rosehaven,1621,1620,0.813,0.187,0.1683,"('Rosehaven', 22, 16)",646.14,4,166,88.425209,126.98,57,60,1.0853,3420,0.0371
Zephyr Peak,644,643,0.8134,0.1866,0.1676,"('Zephyr Peak', 0, 36)",541.19,5,58,145.989722,191.64,42,48,2.1293,2016,0.0951
Sapphire Springs,489,488,0.8135,0.1865,0.1442,"('Sapphire Springs', 8, 23)",694.99,4,168,49.625812,71.72,34,39,0.9825,1326,0.0541
Thornhold,1481,1480,0.8135,0.1865,0.1744,"('Thornhold', 8, 42)",700.01,3,180,59.328463,113.34,51,51,1.1112,2601,0.0436
Golden Glade,473,472,0.8136,0.1864,0.1636,"('Golden Glade', 1, 15)",814.25,2,166,28.987711,48.67,21,34,0.8849,714,0.0682
Shingrdie,130,129,0.814,0.186,0.1586,"('Shingrdie', 10, 25)",814.29,2,209,39.021852,42.39,12,28,1.0598,336,0.1262
Rubyvale,536,535,0.815,0.185,0.2042,"('Rubyvale', 11, 19)",781.45,3,191,28.640716,49.13,32,22,0.9098,704,0.0698
Royal Sulwold,158,157,0.8153,0.1847,0.1692,"('Royal Sulwold', 0, 1)",668.77,4,225,48.35881,53.24,20,18,1.4011,360,0.1479
Shadowseed Shore,1134,1133,0.8164,0.1836,0.1738,"('Shadowseed Shore', 0, 28)",808.76,2,182,47.309157,88.08,40,41,1.0874,1640,0.0537
Coorteon,110,109,0.8165,0.1835,0.1482,"('Coorteon', 11, 1)",638.24,4,210,46.91746,52.2,23,12,1.4914,276,0.1891
Willowbrook Crossing,317,316,0.8165,0.1835,0.1635,"('Willowbrook Crossing', 18, 12)",730.48,3,182,35.339251,44.53,20,27,0.9474,540,0.0825
Sapphireseed Shore,1422,1421,0.8177,0.1823,0.1614,"('Sapphireseed Shore', 37, 8)",739.27,3,181,64.307734,112.09,51,58,1.0283,2958,0.0379
Las Shallrie,100,99,0.8182,0.1818,0.1327,"('Las Shallrie', 18, 5)",748.68,3,202,31.705685,44.47,20,15,1.2706,300,0.1482
Moonpetal Vale,1146,1145,0.8201,0.1799,0.1556,"('Moonpetal Vale', 44, 24)",750.33,3,181,54.33253,90.7,47,40,1.0425,1880,0.0482
Fort Quillton,157,156,0.8205,0.1795,0.1679,"('Fort Quillton', 2, 10)",641.07,4,183,67.041468,74.07,24,17,1.8066,408,0.1815
Oaksyep Bay,119,118,0.822,0.178,0.1467,"('Oaksyep Bay', 0, 2)",798.91,3,192,33.466114,45.17,26,11,1.2208,286,0.1579
Cypress Cove,957,956,0.8222,0.1778,0.1549,"('Cypress Cove', 48, 26)",685.66,4,180,84.452642,97.56,50,36,1.1344,1800,0.0542
South Skegstergreat,378,377,0.8223,0.1777,0.1451,"('South Skegstergreat', 25, 16)",722.04,3,171,86.992726,104.12,34,28,1.6794,952,0.1094
Northvine Tower,1463,1462,0.8228,0.1772,0.175,"('Northvine Tower', 0, 22)",740.8,3,166,60.406277,113.14,56,40,1.1785,2240,0.0505
Coral Crest,306,305,0.823,0.177,0.1394,"('Coral Crest', 14, 6)",815.38,2,197,20.706284,31.22,22,22,0.7095,484,0.0645
Saint Perthprudnorth,103,102,0.8235,0.1765,0.1744,"('Saint Perthprudnorth', 9, 9)",594.97,5,220,54.38943,56.06,17,18,1.6017,306,0.1832
Azure Haven,393,392,0.824,0.176,0.1569,"('Azure Haven', 2, 9)",695.1,4,183,49.519305,60.1,33,20,1.134,660,0.0911
Oyston Wells,109,108,0.8241,0.1759,0.1727,"('Oyston Wells', 11, 15)",538.05,5,184,74.911724,73.85,16,27,1.7174,432,0.1709
St Cechil,150,149,0.8255,0.1745,0.1371,"('St Cechil', 18, 16)",674.82,4,182,66.982573,70.04,26,17,1.6288,442,0.1585
Nightshade Nook,1446,1445,0.8256,0.1744,0.1647,"('Nightshade Nook', 8, 48)",738.45,3,183,61.713405,106.67,44,51,1.1228,2244,0.0475
Midnight Mirage,502,501,0.8263,0.1737,0.1586,"('Midnight Mirage', 34, 8)",744.38,3,171,42.513601,66.25,37,23,1.1042,851,0.0778
Diamond Dale,520,519,0.8266,0.1734,0.1558,"('Diamond Dale', 30, 16)",729.8,3,168,44.147126,58.76,32,25,1.0309,800,0.0734
East Pynbrook,146,145,0.8276,0.1724,0.1607,"('East Pynbrook', 13, 9)",640.4,4,182,68.129746,69.31,20,18,1.8239,360,0.1925
Sunstone Sanctuary,1776,1775,0.8299,0.1701,0.1613,"('Sunstone Sanctuary', 59, 44)",802.43,2,181,62.810686,124.04,60,45,1.1813,2700,0.0459
Ruby Ridge,512,511,0.8317,0.1683,0.1592,"('Ruby Ridge', 1, 9)",800.22,2,166,32.315239,54.25,21,36,0.9518,756,0.0718
Dbech Forest,403,402,0.8333,0.1667,0.1467,"('Dbech Forest', 12, 22)",490.04,5,128,218.238101,297.81,40,29,4.3161,1160,0.2567
Whispering Willow,169,168,0.8333,0.1667,0.1312,"('Whispering Willow', 11, 5)",782.06,3,179,55.470585,79.64,36,27,1.2641,972,0.0819
Sunbrook Meadow,1229,1228,0.8347,0.1653,0.1719,"('Sunbrook Meadow', 38, 1)",778.68,3,183,55.54299,92.39,42,39,1.1406,1638,0.0564
Onyx Outpost,726,725,0.8359,0.1641,0.1483,"('Onyx Outpost', 8, 7)",718.19,3,181,45.420919,75.91,37,36,1.0399,1332,0.057
Liroyalsingquay,435,434,0.8364,0.1636,0.1575,"('Liroyalsingquay', 8, 25)",708.81,3,166,38.818911,50.07,24,32,0.8941,768,0.0652
Stonybloom,1868,1867,0.8372,0.1628,0.1605,"('Stonybloom', 5, 0)",741.61,3,178,78.015972,146.09,57,55,1.3044,3135,0.0466
Mount Winlean,106,105,0.8381,0.1619,0.1525,"('Mount Winlean', 21, 7)",776.68,3,188,51.067599,47.24,22,20,1.1248,440,0.1074
Belan,132,131,0.8397,0.1603,0.1226,"('Belan', 15, 15)",740.69,3,178,50.825952,45.55,22,32,0.8435,704,0.0647
Feryeo,370,369,0.8428,0.1572,0.149,"('Feryeo', 1, 22)",640.1,4,216,65.000726,78.52,26,28,1.4541,728,0.1079
Thunderthistle Thicket,1158,1157,0.8436,0.1564,0.1457,"('Thunderthistle Thicket', 46, 31)",722.31,3,168,54.82568,100.44,52,39,1.1037,2028,0.0495
Falcons Hollow,510,509,0.8448,0.1552,0.1496,"('Falcons Hollow', 28, 8)",793.89,3,168,29.487574,55.82,29,29,0.9624,841,0.0664
Stormwind Haven,594,593,0.8449,0.1551,0.1402,"('Stormwind Haven', 13, 13)",680.12,4,184,37.335921,61.97,40,31,0.8728,1240,0.05
Twilight Tulip Tower,1621,1620,0.8451,0.1549,0.1453,"('Twilight Tulip Tower', 47, 45)",779.41,3,185,56.792175,107.72,50,53,1.0458,2650,0.0406
Albatross Acre,202,201,0.8507,0.1493,0.1409,"('Albatross Acre', 10, 18)",662.78,4,41,115.109809,141.32,40,20,2.3553,800,0.1766
Bahqui Lake,132,131,0.855,0.145,0.104,"('Bahqui Lake', 7, 13)",775.38,3,209,30.118672,33.83,21,18,0.8674,378,0.0895
Topaz Terrace,379,378,0.8571,0.1429,0.1152,"('Topaz Terrace', 9, 15)",856.87,2,184,19.253829,29.86,20,34,0.553,680,0.0439
Mount Saultsilswkinge,222,221,0.8643,0.1357,0.1343,"('Mount Saultsilswkinge', 25, 21)",715.13,3,181,96.98804,123.03,32,27,2.0853,864,0.1424
Cliffrose Keep,443,442,0.871,0.129,0.1334,"('Cliffrose Keep', 34, 4)",238.72,5,32,178.138334,235.5,54,34,2.6761,1836,0.1283
Swans,50,49,0.8776,0.1224,0.0924,"('Swans', 4, 14)",888.57,2,211,23.764169,26.49,11,19,0.883,209,0.1267
Silvermoon City,369,368,0.8832,0.1168,0.1278,"('Silvermoon City', 9, 22)",854.24,2,169,26.259236,44.2,30,25,0.8036,750,0.0589
Stokeelkstone,121,120,0.8833,0.1167,0.1342,"('Stokeelkstone', 4, 3)",861.95,2,201,15.885571,20.23,15,11,0.7781,165,0.1226
Port Lakefieldca,55,54,0.9074,0.0926,0.0988,"('Port Lakefieldca', 5, 14)",823.43,2,218,21.42134,24.24,10,15,0.9696,150,0.1616
