maze_name,n_estados,n_estados_teste,taxa_acordo,js_divergencia
Albatross Acre,200,145,0.8621,0.1211
Amberfall Anchorage,607,447,0.736,0.2506
Amethyst Arbor,461,364,0.6538,0.3292
Annmits Upon Biglonfield,186,171,0.6959,0.2254
Attau,119,34,0.6765,0.2221
Aux Buwales,130,68,0.6765,0.3015
Aux Ishal,84,41,0.8537,0.106
Azure Haven,391,293,0.7816,0.2024
Bahqui Lake,130,86,0.9419,0.071
Be,176,48,0.8542,0.1485
Beakwind Bay,583,438,0.7146,0.2541
Bearpaw Brook,726,319,0.6991,0.2473
Becclesgreennkport,198,173,0.6416,0.2402
Belan,125,97,0.8866,0.0995
Bivens,179,123,0.6992,0.2058
Black Bear Bight,328,172,0.7151,0.1958
Branfray Bay,326,153,0.7124,0.1624
Briarneach,285,208,0.7452,0.231
Bridtoumers,94,40,0.925,0.0891
Chammoines,321,234,0.6795,0.2546
Chatle,105,103,0.6505,0.2657
Chimney Well,286,221,0.5882,0.3328
Churchsoundbury,310,227,0.7048,0.2347
Ckrodhurstkenford,390,253,0.7075,0.1949
Cliffrose Keep,416,348,0.8621,0.1238
Cobblestone Creek,749,427,0.6206,0.303
Coorteon,102,77,0.7143,0.1714
Copperfield Cliff,841,634,0.7287,0.2385
Coral Crest,300,204,0.7696,0.214
Cranfleet,162,118,0.7627,0.1496
Crorkan,323,256,0.6484,0.2375
Crystal Cove,767,585,0.6786,0.3143
Cypress Cove,932,470,0.7213,0.2399
Dbech Forest,400,304,0.8355,0.1449
Diamond Dale,519,361,0.7895,0.1944
Doveheart Dale,642,389,0.6838,0.237
Downpreswood,200,105,0.8095,0.1323
Dragons Descent,543,391,0.7238,0.2057
East Amppriest,281,193,0.7409,0.2109
East Dicool,576,447,0.7114,0.2228
East Pynbrook,143,116,0.7586,0.2066
Eawi,123,96,0.6042,0.2223
El Fallvey,443,341,0.695,0.2626
El Ton,176,142,0.6197,0.2311
Elmead,139,91,0.6703,0.2561
Emerald Enclave,471,306,0.7549,0.2034
Eucalyptus Edge,431,255,0.749,0.2293
Falcons Hollow,502,344,0.782,0.2153
Feryeo,363,296,0.8412,0.159
Fipea Grove,138,108,0.6111,0.3498
Fort Egat,116,90,0.6778,0.2039
Fort Quillton,155,121,0.7521,0.1734
Fort Sillos,111,83,0.8434,0.1469
Fourche-On-River,211,145,0.5379,0.3528
Fragan Heights,320,165,0.6,0.3433
Frostpine Fort,561,399,0.7193,0.2795
Garnet Gulch,528,436,0.7362,0.253
Gazelle Plains,371,184,0.6793,0.1934
Glinting Glade,297,174,0.8736,0.1362
Golden Glade,463,330,0.7364,0.2337
Grand Kamaydam,226,161,0.7391,0.1531
Grand Shengates,97,50,0.54,0.4843
Grand Stormwatch,253,204,0.6814,0.2405
Grandstoguquay,271,238,0.6218,0.2546
Great Oakfray,136,75,0.7867,0.1431
Hadfupu Bay,363,323,0.6935,0.2347
Hawkseye Harbor,275,196,0.5765,0.2314
Hawthorn Haven,379,261,0.6245,0.2359
Hemlock Haven,468,389,0.6967,0.2309
Hightree Harbor,293,268,0.6716,0.2411
Honeydew Hollow,362,287,0.6725,0.2925
Honeysuckle Harbor,295,177,0.7119,0.1954
Insed,973,766,0.5261,0.4444
Islesdean,73,54,0.6667,0.2033
Ivywood,608,448,0.7478,0.2359
Jeweljasmine Junction,407,295,0.6881,0.2866
Kings Berthshire,169,150,0.74,0.2099
Kingston Vale,521,259,0.7181,0.2206
Kraigmill,335,307,0.658,0.2558
La Stryrest,321,254,0.7244,0.2217
Lake Montste,252,197,0.7056,0.2388
Las Shallrie,95,86,0.814,0.1325
Lavender Lagoon,386,228,0.6798,0.2488
Lionheart Landing,589,391,0.7468,0.2325
Lionsmane Meadow,622,314,0.7739,0.2118
Liroyalsingquay,416,321,0.7009,0.2578
Lolaker,383,288,0.7465,0.1759
Lophiington,341,236,0.7119,0.2425
Lowspert With Asstell River,200,137,0.781,0.1589
Luiscombepool,341,236,0.6949,0.2524
Lushleaf Landing,858,572,0.6818,0.2988
Lymesham,128,56,0.8214,0.166
Marigold Mound,556,326,0.7117,0.2737
Midnight Mirage,497,390,0.7872,0.2211
Misthold,84,56,0.7321,0.1694
Misty Harbor,760,595,0.6639,0.3132
Mistyfern Harbor,1360,794,0.733,0.2307
Montsteswaf Lake,244,144,0.7708,0.1442
Moonlit Meadow,412,251,0.7291,0.2341
Moonmoss Marsh,1860,1256,0.7118,0.2677
Moonpetal Vale,1124,719,0.7705,0.2122
Moonshadow Mill,183,136,0.7426,0.2268
Moose Harry,590,495,0.7616,0.2166
Mount Meagan Upon Eastring,261,222,0.8018,0.1539
Mount Saultsilswkinge,220,202,0.8465,0.1486
Mount Winlean,104,81,0.7901,0.1451
Mount Xeprice,84,72,0.6667,0.2091
Nchinmoo,229,202,0.7574,0.2554
Nelroyal,79,48,0.625,0.1664
New Elmspring,473,322,0.5901,0.3073
New Farnbro,205,153,0.8039,0.1376
New Hawkntonqa,169,96,0.7708,0.1953
New Lighthaven,164,145,0.7034,0.187
New Lummis,359,267,0.7079,0.2254
Nightnarcissus Nave,1430,955,0.7309,0.2371
Nightshade Nook,1395,1039,0.6959,0.2677
Niofort,238,159,0.8553,0.1619
North Royali,635,414,0.7198,0.2289
North Stranthorpe,101,63,0.4762,0.2579
Northnettle Nook,1241,973,0.6619,0.3271
Northvine Tower,1410,958,0.6733,0.3147
Nyster Wells,150,119,0.5126,0.4168
Oakenhill,237,144,0.7361,0.2099
Oaksyep Bay,113,97,0.8041,0.1629
Obsidian Oasis,649,453,0.7241,0.2713
Og,225,191,0.6178,0.2843
Onyx Outpost,684,479,0.7829,0.1936
Opal Orchard,539,348,0.6897,0.283
Orchid Oasis,502,286,0.5699,0.272
Otter Creek,358,215,0.7023,0.175
Oyston Wells,105,95,0.7684,0.1706
Pabea,222,177,0.7571,0.2111
Pearlbrook Port,634,501,0.7445,0.2455
Phoenix Pines,584,385,0.7481,0.2306
Plai Hill,106,64,0.875,0.1178
Port Carrahur,275,247,0.6194,0.2936
Port Ironpeak,437,297,0.6902,0.2063
Port Lakefieldca,55,35,0.9429,0.0711
Port Rnonsta,221,147,0.7415,0.2161
Port Systhaven,330,275,0.7091,0.2564
Port Worthforks,176,143,0.7483,0.1991
Prince Meadowridge,806,604,0.6672,0.2776
Prince Salnash,505,358,0.6648,0.2742
Queens Querstone,121,98,0.8265,0.125
Rainrose Ruin,1553,1037,0.675,0.3227
Rattlesnake Ridge,681,511,0.6067,0.3419
Ravenflower Rock,1271,927,0.6861,0.2856
Ravenroot Ridge,1247,743,0.7537,0.2247
Ravenshadow Ridge,418,325,0.6646,0.3131
Red Tringplainspat,274,152,0.7105,0.2403
Riverside Roost,383,293,0.6553,0.3148
Rnieroynaspa,508,328,0.7927,0.1776
Rosebud Grove,680,376,0.6729,0.2287
Rosehaven,1583,910,0.7451,0.2161
Royal Sulwold,149,132,0.6288,0.277
Rstonenah Du Wkenarburgh,453,326,0.773,0.1878
Ruby Ridge,493,325,0.7662,0.232
Rubyvale,523,427,0.6323,0.3208
Saint Charlerush,291,174,0.7989,0.1749
Saint Cliffebray,258,233,0.7425,0.1965
Saint Kipre,410,324,0.6728,0.2931
Saint Perthprudnorth,101,88,0.75,0.2561
San Bermi,206,141,0.7021,0.2901
San Charoaksearl,351,264,0.7386,0.1838
San Chu,212,118,0.7288,0.1597
Sapphire Springs,456,359,0.8162,0.1707
Sapphireseed Shore,1375,909,0.7866,0.2039
Selespring,155,132,0.6667,0.2552
Shadowseed Shore,1100,810,0.6741,0.2887
Shafton Lake,307,222,0.6577,0.2396
Shingrdie,116,84,0.8095,0.1485
Shipstocruces,303,251,0.6892,0.2309
Sihovebly,457,366,0.7705,0.1867
Silkseed Sanctuary,1499,899,0.6874,0.2849
Silvermoon City,364,255,0.7882,0.1975
Silvershore Sand,379,280,0.7464,0.2222
Silverstem Shore,1475,918,0.7255,0.2574
Silverthistle Port,1214,840,0.7143,0.2698
Silverwood-on-Lake,334,284,0.6021,0.2668
Snowpea Summit,1219,858,0.7494,0.2249
Souan,443,390,0.7128,0.23
South Myardstian,315,250,0.728,0.2154
South Skegstergreat,370,293,0.7747,0.1301
Southsun Summit,1731,1115,0.6924,0.2855
Sparrow Hill,288,243,0.7325,0.1808
Sparrowspike Spire,1166,695,0.7295,0.2644
Springbud Stronghold,1203,787,0.7039,0.2474
St Cechil,150,116,0.8879,0.1072
Stagskull Shore,651,338,0.7337,0.2652
Staincanchar River,426,286,0.6888,0.2575
Starbud Shore,1160,880,0.6943,0.2693
Starlight Summit,491,366,0.6831,0.2926
Starshine Strand,1464,934,0.652,0.3108
Stokeelkstone,120,68,0.7941,0.2031
Stonybloom,1823,1224,0.7288,0.2445
Stormwind Haven,569,354,0.774,0.2245
Stowcold,371,269,0.6394,0.2598
Stowen Grove,286,170,0.6706,0.2528
Stra,357,126,0.6825,0.2754
Sunbrook Meadow,1205,850,0.7494,0.2437
Sunflower Glade,1445,989,0.6653,0.292
Sunset Serengeti,723,524,0.5935,0.3306
Sunstone Sanctuary,1728,1089,0.7208,0.2645
Sunstone Shores,398,302,0.7417,0.2576
Swan Lake City,544,357,0.6891,0.2263
Swangates,255,132,0.803,0.1288
Swans,47,37,0.8378,0.1025
Tebrobank,298,231,0.7316,0.2125
Thallmil,123,82,0.7683,0.1581
Thornhold,1453,988,0.7298,0.2564
Thunderbolt Terrace,623,467,0.7323,0.2104
Thunderthistle Thicket,1122,750,0.7773,0.2069
Tiche,256,179,0.5978,0.2919
Tidalteasel Town,1694,926,0.7257,0.2496
Tigerlily Terrace,222,135,0.7037,0.2034
Topaz Terrace,378,180,0.8111,0.1978
Tosqua,203,157,0.6815,0.2118
Twilight Tulip Tower,1539,1099,0.7571,0.2275
Tyve End,230,137,0.8248,0.1072
Ucupchancombe,229,187,0.6524,0.2298
Walnut Wood,763,489,0.638,0.2832
West Sportnga,304,252,0.7024,0.213
West Wellgreatcli,104,75,0.6267,0.2162
West Wotton,137,90,0.6,0.2304
West Wyvernhaven,325,227,0.5859,0.3217
Whispering Willow,167,122,0.8279,0.1379
Whispering Woods,442,330,0.7121,0.2922
Whitebeaupr,162,131,0.687,0.1939
Whitport,201,180,0.6722,0.2279
Willow Wind,663,388,0.7809,0.2039
Willowbrook Crossing,312,225,0.7556,0.226
Wisteria Wharf,684,256,0.8594,0.1123
Wnaldeanshot,343,268,0.6978,0.2625
Wolf Willow,862,388,0.7113,0.2456
Wolton-On-River,202,137,0.7518,0.152
Yassdrawich,128,86,0.6163,0.3594
Zephyr Peak,581,401,0.7656,0.1589
