maze_name,complexidade_hibrida,taxa_acordo,js_divergencia,desvio_pct,n_estados,n_partidas,media_reflexoes,media_voltas,mediana_tempo,p90_backtracks,fluidez,sinuosidade,norm_reflexoes,norm_voltas,norm_tempo,norm_risco,norm_fluidez,score_base,score_final_raw
Nelroyal,10.83,0.6118,0.1766,0.3882,86,234,0.7564102564102564,10.068376068376068,12.16109,11.0,0.19668246445497628,0.5075398535114175,0.01359300723582887,0.06836333435932362,0.040792202202929305,0.029821073558648103,0.39785026631750126,0.02775549220616228,-0.05181456105733797
Sunset Serengeti,96.19,0.6288,0.2424,0.3712,731,56,17.482142857142858,113.16071428571429,153.27375,154.0,0.2714152410575428,0.3942146189735614,0.8774041351931641,0.9931553618396438,1.0,0.7405566600397613,0.7789307407748002,0.8861289357884986,0.7303427876335385
North Stranthorpe,0.0,0.6319,0.2019,0.3681,164,193,1.1917098445595855,4.150259067357513,11.01624,6.0,0.2933673469387755,0.2919096209912536,0.03607433210300781,0.015274739077882621,0.03301012901893592,0.004970178926441351,0.8908698296841466,0.02716070154836762,-0.15101326438846172
Downpreswood,29.67,0.635,0.1862,0.365,201,187,4.566844919786096,24.010695187165776,42.71815,39.80000000000001,0.20494186046511625,0.31076965669988926,0.21038533574849694,0.19343320655933813,0.24850262471039927,0.17296222664015906,0.43996692106209123,0.20882895880029398,0.12083557458787572
Crorkan,40.46,0.6364,0.224,0.3636,331,181,7.104972375690608,40.20441988950276,69.52095,69.0,0.25066162570888467,0.34390359168241963,0.3414685470446243,0.33869936075559354,0.43069361142126794,0.3180914512922465,0.6731030445039874,0.35436122214057436,0.21974061323977687
Bridtoumers,8.7,0.6383,0.1781,0.3617,95,227,2.05726872246696,7.691629955947136,14.59563,10.0,0.2489522212908634,0.2927074601844091,0.08077667241220932,0.04704268246485085,0.05734089281686062,0.024850894632206754,0.6643863785874612,0.06153096194240322,-0.07134631377508903
Chimney Well,14.19,0.6389,0.2667,0.3611,289,178,3.331460674157303,16.52247191011236,26.914414999999998,31.30000000000001,0.2767674471470789,0.3342805182996135,0.14658312844604449,0.12625993930826232,0.14107735297136118,0.13071570576540759,0.8062229320825112,0.14027616990120223,-0.020968416515300015
West Wotton,9.08,0.645,0.2075,0.355,201,201,2.288557213930348,18.766169154228855,25.42305,26.0,0.2911633109619686,0.42192393736017897,0.09272171407129864,0.14638707348058178,0.13093985760162166,0.10437375745526836,0.8796309180051489,0.1080622873950855,-0.0678638962059443
Insed,20.99,0.6451,0.2869,0.3549,990,187,1.4438502673796791,11.29946524064171,25.68328,23.0,0.15359449710594747,0.17725023068534518,0.04909628505652595,0.07940684614027126,0.13270876086813746,0.08946322067594431,0.17813431587060458,0.07692322345110646,0.04129636027698554
Stowen Grove,28.99,0.6456,0.2373,0.3544,286,175,5.714285714285714,31.78857142857143,38.34726,62.19999999999999,0.26292763393817686,0.3989815678118052,0.26964564742641783,0.26320481192943374,0.21879167055991242,0.2842942345924452,0.7356503824755739,0.2617604859366238,0.11463040944150904
Walnut Wood,87.75,0.6477,0.2532,0.3523,773,174,17.04022988505747,83.816091954023,132.0881,119.40000000000003,0.24833089073440806,0.3392653592946705,0.8545812578945434,0.7299187988609508,0.8559913711399139,0.5685884691848907,0.6612180640404451,0.7851984768983278,0.6529548640902387
West Wellgreatcli,10.21,0.6491,0.1908,0.3509,115,223,2.008968609865471,11.672645739910314,17.25217,19.80000000000001,0.25067385444743934,0.33410345270183545,0.07828218229074634,0.08275446979982161,0.07539861976467543,0.07355864811133205,0.6731654017948882,0.07720799170055682,-0.05742508865842082
Islesdean,11.59,0.6528,0.1983,0.3472,73,165,1.8484848484848484,6.4,18.18068,10.0,0.22133138969873664,0.2565597667638484,0.06999389607654731,0.035456088287537116,0.08171013024383837,0.024850894632206754,0.5235410883875607,0.05985476184223639,-0.04485345583527576
Aux Ishal,9.41,0.6627,0.1854,0.3373,84,225,1.2933333333333332,8.542222222222222,12.95744,10.0,0.22171945701357465,0.37812315561676174,0.04132274199691976,0.054672938603083636,0.04620536024116413,0.024850894632206754,0.5255199373368818,0.04033991583344242,-0.06476407163393394
Red Tringplainspat,16.94,0.6631,0.2189,0.3369,283,184,3.9510869565217392,20.95108695652174,30.43172,36.400000000000034,0.28136384866884634,0.36011209715086406,0.17858412300085338,0.1659869254113866,0.16498609640537076,0.15606361829025858,0.8296610933865731,0.17010069698069122,0.004168478303376577
Kraigmill,36.64,0.6639,0.2316,0.3361,367,184,7.407608695652174,39.97826086956522,52.974615,85.10000000000005,0.2861553729944313,0.40557975409384134,0.35709839281266004,0.3366705964245326,0.3182205451707799,0.39811133200795246,0.85409423298579,0.35548263148452974,0.18466378488737173
Hawkseye Harbor,25.72,0.6696,0.2278,0.3304,346,82,6.390243902439025,27.634146341463413,33.722995,47.900000000000006,0.2856920925897157,0.3520273419294702,0.3045559391845877,0.22593745272741322,0.18735840973781417,0.21322067594433397,0.8517318543286356,0.2549875320014648,0.08464116113573766
Fragan Heights,10.49,0.6739,0.2265,0.3261,323,170,1.9764705882352942,7.394117647058824,12.302579999999999,19.399999999999977,0.23665190020983912,0.2930753089298205,0.07660380123618403,0.04437384192737915,0.04175397495464632,0.07157057654075534,0.6016640710989841,0.06540419510991027,-0.054928619109886556
New Elmspring,26.87,0.6744,0.2407,0.3256,477,165,4.951515151515151,36.04242424242424,39.63607,60.0,0.26598072260658745,0.3516645970078647,0.23025187521158333,0.3013640896832503,0.2275523062242025,0.2733598409542743,0.7512188188593246,0.24544477600981207,0.09520101223794714
Lymesham,5.44,0.6791,0.1805,0.3209,135,224,2.049107142857143,11.5,14.112885,19.400000000000034,0.2898993529834651,0.4629762760603882,0.08035516242774614,0.08120574749311728,0.05405945252406516,0.07157057654075562,0.8731856910506659,0.07342416177614897,-0.10121297643398422
Rattlesnake Ridge,19.49,0.6803,0.2311,0.3197,708,176,2.8011363636363638,22.806818181818183,30.86757,42.0,0.2369366671657434,0.3004940859410092,0.11919419118453263,0.18263380210441915,0.16794876976628575,0.18389662027832998,0.6031161665730073,0.1482295538116314,0.027606320497029935
Tiche,17.16,0.6808,0.2447,0.3192,261,202,3.5495049504950495,17.861386138613863,28.77642,31.0,0.2589854938556777,0.33336413194123626,0.15784416416771443,0.13827069806501646,0.15373425927258985,0.12922465208747513,0.7155484582421804,0.14934093416237187,0.006231242513935781
Stowcold,35.59,0.6818,0.2281,0.3182,375,166,7.13855421686747,29.734939759036145,52.3025,52.5,0.24708901965694255,0.3090021284587455,0.3432029026509431,0.24478266506374236,0.3136518696953379,0.23608349900596415,0.6548854635279265,0.3060267915721062,0.17504969886652091
Be,7.98,0.6839,0.1991,0.3161,176,214,1.5186915887850467,7.542056074766355,12.424785,9.0,0.23770169224714682,0.3175914994096813,0.05296151283483901,0.04570092676091424,0.042584658671683415,0.019880715705765405,0.6070172142022604,0.0435439239690007,-0.07785951887145139
Otter Creek,52.47,0.6852,0.1795,0.3148,360,44,10.045454545454545,60.77272727272727,71.70664,91.50000000000001,0.26018417356016854,0.4173560168565631,0.4933316241627509,0.523207802563072,0.4455507538744473,0.4299204771371769,0.7216608155139964,0.47408083854000754,0.32974867543720826
Fort Egat,13.49,0.6864,0.2016,0.3136,119,222,3.3603603603603602,13.702702702702704,17.44874,32.0,0.26939970717423134,0.3711566617862372,0.14807567117242898,0.10096513925387396,0.0767347966662587,0.13419483101391647,0.7686530467902479,0.12632027504763693,-0.027410334310412676
Black Bear Bight,34.71,0.689,0.2089,0.311,345,48,5.9375,51.208333333333336,43.818380000000005,88.20000000000006,0.26695311040538017,0.45918176723332715,0.2811736915798083,0.43741020192872115,0.25598139518620405,0.4135188866799207,0.7561772590587443,0.3182279223560012,0.16699247054425234
Port Rnonsta,21.18,0.6936,0.2033,0.3064,236,197,3.8781725888324874,20.071065989847718,34.00236,32.400000000000006,0.24151998186900353,0.2987081665029841,0.17481841397623404,0.15809267848607253,0.1892573824198654,0.13618290258449303,0.6264875950292798,0.16830653183759597,0.04300901283174002
Nyster Wells,6.65,0.6936,0.2469,0.3064,174,193,0.7357512953367875,3.9792746113989637,7.283791,7.0,0.2179170101676285,0.2110469909315746,0.012526062014755672,0.013740919354440436,0.0076389526434081775,0.009940357852882702,0.5061303426499629,0.011152985042080055,-0.09007308348791254
Stagskull Shore,39.74,0.6938,0.2379,0.3062,664,168,6.869047619047619,45.357142857142854,48.84377,85.60000000000002,0.24434011476264994,0.39749608763693267,0.32928406251329123,0.38492197247133864,0.2901412875372618,0.40059642147117297,0.6408681336630672,0.34128177030546647,0.21310814357285304
Shafton Lake,44.8,0.6949,0.224,0.3051,332,163,8.883435582822086,45.07361963190184,68.23008,78.0,0.2680422954522123,0.3771173390822298,0.433318413693549,0.3823786213082713,0.42191897298739317,0.3628230616302186,0.761731276630257,0.411845475901124,0.25949922057507263
Attau,5.58,0.6949,0.1534,0.3051,119,221,0.49321266968325794,2.764705882352941,6.408136,5.0,0.2171976704350805,0.2093182596779719,0.0,0.0028456045631443227,0.001686721963467809,0.0,0.5024622556466767,0.0006219048490079941,-0.09987054628032735
Swangates,22.72,0.6953,0.1595,0.3047,257,183,3.6830601092896176,24.814207650273225,37.86903,32.0,0.2316502257147634,0.379618792844006,0.16474170552610035,0.20064113231514247,0.21554092080336693,0.13419483101391647,0.576159325038218,0.1723821163580211,0.05715025135037749
El Ton,21.65,0.6963,0.208,0.3037,192,187,4.176470588235294,17.609625668449198,30.39999,29.80000000000001,0.2353113410111263,0.32139371462033967,0.1902242044120006,0.13601227537649294,0.16477041296900083,0.12326043737574556,0.5948282360248992,0.16631949981259886,0.04735385260761901
Silverwood-on-Lake,45.94,0.7011,0.2111,0.2989,349,161,9.639751552795031,50.77018633540373,70.45471,80.0,0.28691119879195287,0.3981684446392908,0.47237883434656486,0.43347979490181376,0.43704080857048894,0.3727634194831013,0.8579483712450756,0.4414982422741819,0.2699085680251667
Grand Stormwatch,32.95,0.7015,0.218,0.2985,269,170,6.241176470588235,33.588235294117645,43.020300000000006,90.1,0.27575198637911463,0.40507945516458566,0.2968572565903739,0.2793487351712644,0.2505564775405025,0.4229622266401589,0.8010448524119733,0.31106724264844565,0.15085827216605097
Whitport,31.43,0.7018,0.2081,0.2982,219,193,6.8549222797927465,35.17616580310881,54.96159,54.0,0.28708683304127136,0.4102362680524503,0.32855455035823045,0.29359329980430154,0.33172693016860955,0.2435387673956262,0.8588439726947205,0.3086897446723926,0.13692095013344846
Aux Buwales,0.79,0.7023,0.2111,0.2977,132,200,0.55,3.98,6.469419,6.0,0.26381992717643166,0.26348891095663685,0.002932817893575686,0.013747426468418677,0.0021032907636902576,0.004970178926441351,0.7402004011694798,0.004255845531656032,-0.14378423470223994
Og,10.81,0.7039,0.2309,0.2961,234,223,2.1524663677130045,12.641255605381167,16.60089,23.0,0.25203535705978136,0.3278669458013492,0.08569321551868382,0.09144340533873424,0.07097156938840675,0.08946322067594431,0.680108032392509,0.08407790630608554,-0.05194370017241627
Branfray Bay,37.5,0.7043,0.2085,0.2957,329,181,7.392265193370166,38.41988950276243,61.244,52.0,0.25539129974036984,0.3684628834843427,0.3563059678511097,0.3226911927094421,0.3744313668999297,0.2335984095427435,0.6972207945179061,0.3320280584850337,0.19258389958145247
Whitebeaupr,13.36,0.7073,0.1751,0.2927,165,210,3.2285714285714286,15.847619047619048,24.636515000000003,27.0,0.2737996932877197,0.39259171876843224,0.14126934773426145,0.12020615725473699,0.125593416642743,0.10934393638170972,0.7910896384968658,0.129642760197495,-0.028575167501878163
Stra,6.58,0.7087,0.2131,0.2913,358,203,1.5665024630541873,9.266009852216749,12.10362,15.0,0.25841924398625427,0.3231958762886598,0.055430735930588115,0.061165691036311906,0.04040155212136045,0.04970178926441351,0.7126610134192906,0.051852605346080036,-0.09067959733777807
Eawi,15.83,0.709,0.1916,0.291,135,219,2.9771689497716896,12.191780821917808,15.46694,24.400000000000034,0.22733263046916183,0.3518713758566157,0.12828550637034053,0.08741138216913608,0.06326358852891484,0.09642147117296238,0.5541428642628007,0.10482090334245932,-0.00600766951010083
Beakwind Bay,43.12,0.7107,0.2315,0.2893,606,179,7.558659217877095,50.29050279329609,56.83036,98.20000000000002,0.2586885662278288,0.38106929687169283,0.3648994933740751,0.42917678341594123,0.34442982129325583,0.46322067594433397,0.7140343525653381,0.38689752447614967,0.24409065396308205
Yassdrawich,3.96,0.7109,0.2339,0.2891,129,211,1.0236966824644549,7.056872037914692,11.25769,10.0,0.26030002112824846,0.3145996196915276,0.027397185186602103,0.041348572969159086,0.03465137596855832,0.024850894632206754,0.7222515502386461,0.029733904010369974,-0.11471640603735923
Port Carrahur,33.76,0.7113,0.2509,0.2887,285,175,6.617142857142857,30.965714285714284,43.70549,65.6,0.2527057316682677,0.34703810438680754,0.31627428041805167,0.2558233543097098,0.2552140298180413,0.30119284294234583,0.683526434404048,0.2950008501920743,0.15829556331126468
Fipea Grove,2.75,0.7115,0.2322,0.2885,157,224,1.3303571428571428,9.638392857142858,10.460255,16.0,0.28604944955784156,0.3896408590507129,0.0432348602538288,0.06450616075578629,0.029230842685178168,0.05467196819085486,0.8535541038041001,0.044848608377699634,-0.1258622123831204
Churchsoundbury,18.68,0.7122,0.2074,0.2878,338,181,3.154696132596685,22.331491712707184,32.27974,35.0,0.2478293227486976,0.3342429504672125,0.13745401095545093,0.17836987583516034,0.1775479402150257,0.14910536779324052,0.6586604477620668,0.15189465466289476,0.020162565110481395
Hawthorn Haven,47.63,0.7123,0.1816,0.2877,425,44,8.0,59.43181818181818,77.16259,82.4,0.2491318133776234,0.39483617695908196,0.38769281955713636,0.5111791488503749,0.4826373610179235,0.38469184890656055,0.6653021620059638,0.4184301666485025,0.2853697342473097
Cobblestone Creek,60.43,0.7139,0.2164,0.2861,791,73,10.356164383561644,67.34246575342466,87.07624,115.39999999999999,0.24607371794871793,0.39391025641025645,0.5093784319247606,0.5821417822810507,0.5500250098981229,0.548707753479125,0.6497081949414111,0.532649946865935,0.40270830787765277
Sparrow Hill,44.73,0.7143,0.1843,0.2857,407,169,7.550295857988166,59.98224852071006,74.29722,79.20000000000002,0.25729431898818717,0.42313311349501187,0.36446756231840033,0.5161167959916916,0.4631601202971138,0.3687872763419483,0.7069247492059043,0.40023494008618177,0.2588499902450009
Chatle,5.36,0.7193,0.2196,0.2807,115,225,0.6577777777777778,4.657777777777778,9.156738,7.0,0.2306730047535652,0.2621966474856142,0.008499069968350537,0.019827446537134124,0.020370236762498776,0.009940357852882702,0.5711762393765748,0.012294398560964976,-0.10194084931434999
Tigerlily Terrace,17.11,0.7198,0.2061,0.2802,233,162,3.4074074074074074,25.308641975308642,35.11899,39.80000000000001,0.27943321525317777,0.4271723275682434,0.15050544592411857,0.2050764660151251,0.1968476312554705,0.17296222664015906,0.8198163273883989,0.1697223411426977,0.005759075665017904
San Chu,11.14,0.7204,0.167,0.2796,212,218,1.9036697247706422,10.284403669724771,18.351525000000002,21.600000000000023,0.24164779161947902,0.31738391845979613,0.07284395420963796,0.0703012145829907,0.08287144246213718,0.08250497017892654,0.6271393278106067,0.0765273810913308,-0.04890048447079055
Lophiington,50.65,0.7219,0.2133,0.2781,357,180,10.266666666666667,51.94444444444444,79.002985,88.0,0.28069020021074814,0.4105198454513523,0.5047562652534322,0.44401350241318666,0.49514737418773225,0.4125248508946321,0.8262259972252902,0.47831392788450766,0.3130687284394496
Bearpaw Brook,97.64,0.723,0.2126,0.277,759,48,16.583333333333332,109.4375,142.26954999999998,206.20000000000005,0.2685714285714286,0.41119373776908025,0.8309845440688449,0.9597561883649817,0.925199380066122,1.0,0.7644294541808433,0.896507766884145,0.7436218760479764
Ckrodhurstkenford,49.26,0.7238,0.1988,0.2762,392,169,8.781065088757396,53.55029585798817,76.33405,86.0,0.2515047113029762,0.37565895977751024,0.428031424234941,0.45841882690425034,0.47700539271127573,0.4025844930417494,0.6774021415375837,0.4357755719585006,0.30029514365098386
El Fallvey,42.14,0.7241,0.2185,0.2759,465,169,8.278106508875739,42.46153846153846,61.1137,76.20000000000002,0.26312690156050644,0.35214446952595935,0.4020558075863547,0.35894689123740114,0.3735456577363936,0.3538767395626243,0.7366664962012176,0.38240707237672106,0.23507377313647754
Hightree Harbor,42.95,0.7243,0.2092,0.2757,342,162,9.123456790123457,36.870370370370374,61.44712,67.80000000000001,0.2645769139606542,0.35393458165442054,0.44571446203188,0.3087911981526847,0.37581206717082344,0.3121272365805169,0.7440604595803101,0.3913242115814765,0.2425121196654145
Riverside Roost,36.64,0.7252,0.2135,0.2748,405,179,6.340782122905028,36.96648044692738,49.31038,73.0,0.239780384327427,0.33027202395807337,0.30200145403347584,0.3096533556524308,0.2933130507974122,0.33797216699801186,0.6176169670846735,0.3082231061410658,0.1846997127241311
Frostpine Fort,35.9,0.7262,0.2336,0.2738,578,160,6.5625,35.29375,53.939375,51.19999999999999,0.23548027896618415,0.3309500087909512,0.31345221520930167,0.29464809136032777,0.3247784636098675,0.22962226640159034,0.5956896914530798,0.2970710627429752,0.1779331244523592
Grandstoguquay,33.91,0.7273,0.202,0.2727,309,183,7.060109289617486,33.84699453551912,52.84897,62.0,0.2738116119978951,0.3621586856107115,0.33915156435037913,0.2816699404870315,0.3173664781880286,0.283300198807157,0.7911504148781947,0.31787611162292984,0.15964602864729088
Eucalyptus Edge,66.41,0.7273,0.2018,0.2727,452,30,12.033333333333333,73.5,98.36393000000001,127.20000000000002,0.2668384879725086,0.3788659793814433,0.5959968920461334,0.6373780750903665,0.626752642040526,0.6073558648111331,0.7555927715943691,0.6085579549024352,0.4574394005835614
Starlight Summit,18.56,0.7276,0.2047,0.2724,515,178,2.432584269662921,16.56179775280899,30.793680000000002,23.0,0.21188118811881188,0.277982083922678,0.100160083226099,0.12661271262225116,0.16744650537569725,0.08946322067594431,0.47535222848547637,0.11412325808560292,0.019052812388507645
Grand Shengates,3.26,0.7301,0.1598,0.2699,164,218,1.1697247706422018,7.8807339449541285,10.467825000000001,8.0,0.268002165674066,0.4650785056848944,0.03493889893830633,0.04873904384749509,0.02928229946467141,0.014910536779324052,0.7615266452009017,0.03118192110270177,-0.12112340793747858
Port Systhaven,47.29,0.731,0.2094,0.269,343,167,8.32934131736527,56.047904191616766,80.21996,73.4,0.252836714894335,0.3948200953304931,0.40470186194872565,0.4808236759420004,0.5034197142437138,0.3399602385685884,0.6841943495037522,0.41910928913102335,0.2822704192302729
Chammoines,40.9,0.7315,0.218,0.2685,325,195,7.81025641025641,36.11282051282051,54.70285,60.0,0.2324861983628403,0.3351418237197792,0.37789339084500295,0.30199558093422546,0.32996815511892924,0.2733598409542743,0.5804221514424429,0.33981185273056475,0.22372742244207616
Tyve End,22.28,0.7336,0.1638,0.2664,230,181,3.867403314917127,19.30939226519337,35.5996,30.0,0.23046986236355008,0.3317513051732321,0.17426222795615492,0.15126006802944875,0.20011455896910904,0.12425447316103377,0.570140367274819,0.16713092720705092,0.05310285375208712
Selespring,14.39,0.7355,0.23,0.2645,156,202,3.3168316831683167,19.435643564356436,26.469459999999998,38.0,0.28315789473684205,0.4591812865497076,0.14582760487594265,0.15239260801199228,0.1380527887283741,0.16401590457256457,0.8388093675156864,0.14856680189935828,-0.019195071603779007
Swan Lake City,74.7,0.7362,0.2034,0.2638,562,37,14.324324324324325,82.4054054054054,110.0376,109.39999999999999,0.25636428827536756,0.36440779251822636,0.7143165829863879,0.7172642049697447,0.7061039581655975,0.518886679920477,0.7021822980163016,0.6738828396073834,0.533446380004123
Shipstocruces,18.36,0.7373,0.2004,0.2627,317,211,3.1137440758293837,20.834123222748815,29.7891,30.0,0.2401845564551232,0.3826934795856185,0.13533901586418742,0.16493769973304867,0.16061791204104547,0.12425447316103377,0.6196779383637683,0.14113775494581443,0.017202167273060773
Lake Montste,38.4,0.7373,0.2238,0.2627,256,180,7.955555555555556,38.044444444444444,58.5206,60.0,0.26538483679696045,0.39422025214437856,0.38539745787681684,0.31932325477444856,0.35591916171209936,0.2733598409542743,0.7481802532208143,0.350486854949128,0.20085080430496516
Gazelle Plains,34.82,0.7388,0.211,0.2612,380,71,6.23943661971831,38.70422535211268,55.42615,55.0,0.24568359125207828,0.35145159227522704,0.2967674008825072,0.32524183353448194,0.33488475863378486,0.24850894632206755,0.6477188447069814,0.2975866247858723,0.168042855844476
La Stryrest,14.22,0.739,0.1885,0.261,342,217,2.525345622119816,18.253456221198157,26.44508,29.0,0.2548104400838255,0.37730996380262904,0.10495080243759282,0.1417877711361802,0.13788706663008546,0.11928429423459241,0.6942588508624976,0.11808845050535002,-0.020763319667149505
Kingston Vale,74.55,0.7395,0.2101,0.2605,523,70,15.085714285714285,69.27142857142857,98.97724500000001,135.0,0.2756694720734506,0.37100229533282325,0.7536390531623637,0.5994455845445633,0.6309216268113178,0.6461232604373756,0.8006240920417386,0.6921730624853769,0.5320482440770292
Dragons Descent,52.8,0.7399,0.2065,0.2601,570,169,9.994082840236686,54.13609467455621,73.68338,98.2000000000001,0.25924320575614407,0.3965584500021672,0.49067849968153165,0.46367374773190134,0.4589875668593162,0.4632206759443344,0.7168625934552382,0.4761482731746861,0.3327757544836385
Honeysuckle Harbor,28.4,0.7405,0.1777,0.2595,317,72,5.777777777777778,31.805555555555557,43.652755,53.0,0.2679520267192956,0.34765447092758467,0.27292473554116,0.2633571684042236,0.25485556571413437,0.23856858846918483,0.7612709745629124,0.26148291544766616,0.10922872053508367
West Sportnga,53.33,0.7405,0.1908,0.2595,317,179,10.446927374301676,51.374301675977655,97.16618,76.20000000000002,0.273394930111348,0.3631051093737661,0.5140659444708175,0.43889902450026874,0.6186109831715666,0.3538767395626243,0.7890256533178478,0.49542041923227387,0.33761528856870426
Saint Charlerush,24.87,0.7409,0.1832,0.2591,302,180,5.027777777777778,25.266666666666666,41.158694999999994,38.0,0.2570405339410711,0.37017743773400613,0.234190507185768,0.2046999256101409,0.23790229022365914,0.16401590457256457,0.7056306379663411,0.21794888511314284,0.07682275751987461
East Amppriest,19.9,0.7412,0.1823,0.2588,314,214,3.6728971962616823,18.929906542056074,29.966545,32.0,0.2409983308163103,0.3219934822351164,0.16421683540079365,0.1478558832241714,0.16182408750170293,0.13419483101391647,0.6238275703426732,0.15609778972593785,0.03133227565740321
Staincanchar River,30.13,0.7428,0.2089,0.2572,487,175,5.074285714285714,32.93714285714286,58.77966,49.0,0.2519236417033774,0.33856093979442,0.23659243922981663,0.2735080965236316,0.3576801119492879,0.21868787276341944,0.6795383688130465,0.26092062620981293,0.12501295244720362
Lionsmane Meadow,53.44,0.7433,0.1892,0.2567,632,163,9.9079754601227,54.92638036809816,70.54398,93.40000000000003,0.24314081560143697,0.35344044846235834,0.4862314291156387,0.47076302246809537,0.4376476179106951,0.43936381709741557,0.6347526176318378,0.4655943038062511,0.3386437802798835
New Hawkntonqa,10.85,0.744,0.2144,0.256,169,205,0.6487804878048781,4.736585365853658,8.497365,11.0,0.18416137467314156,0.18135973104221143,0.008034399189163901,0.020534391693464573,0.015888174534652966,0.029821073558648103,0.33400220591210017,0.015212488382588624,-0.051587952799831416
West Wyvernhaven,24.83,0.7442,0.2289,0.2558,388,181,5.337016574585635,29.386740331491712,39.3829,50.0,0.27815277684956224,0.35547684287910175,0.25016134208163765,0.24165913464300984,0.22583139303208863,0.22365805168986078,0.813287062766557,0.23914447344950968,0.07648706089619825
North Royali,61.85,0.7458,0.2211,0.2542,650,165,11.072727272727272,64.17575757575757,92.66036,101.0,0.24212837837837836,0.3577364864864864,0.5463857793646818,0.5537347587650128,0.5879828476132829,0.47713717693836966,0.6295899557469031,0.5415903704691727,0.41567237931979206
Tebrobank,22.42,0.746,0.1669,0.254,312,197,4.527918781725888,21.634517766497463,36.43146,43.0,0.2617312259438211,0.34902956350831216,0.2083749705210068,0.1721176561264813,0.2057690948461556,0.18886679920477134,0.7295496092023118,0.20032642968333692,0.05441650784287455
Port Ironpeak,37.27,0.7462,0.1906,0.2538,462,166,7.674698795180723,42.355421686746986,52.036455000000004,74.5,0.27771569722990064,0.41351526201258604,0.37089243135479766,0.35799496843687073,0.31184343919331975,0.3454274353876739,0.8110582882393901,0.35269988743728464,0.1904882297894066
Mount Xeprice,11.01,0.7474,0.1909,0.2526,96,224,0.9955357142857143,6.169642857142857,9.005358999999999,7.0,0.18952618453865336,0.3446384039900249,0.025942794023743082,0.033389664604932125,0.019341243919314296,0.009940357852882702,0.36135866691708607,0.022166683826804156,-0.05010504955661306
Annmits Upon Biglonfield,30.12,0.7487,0.1962,0.2513,200,166,6.210843373493976,30.1144578313253,41.89734,49.0,0.25573744182314234,0.4011394639704702,0.2952906844442735,0.24818714005777914,0.24292320077699872,0.21868787276341944,0.6989858565847697,0.2647862709359983,0.12498909961904436
South Myardstian,52.4,0.7492,0.1978,0.2508,324,172,10.622093023255815,54.383720930232556,76.52094500000001,94.0,0.2786392595263854,0.37480466402211804,0.5231124861329642,0.46589508436083205,0.47827580417803767,0.4423459244532802,0.8157677554121006,0.4922700972288289,0.3291165461464088
Willow Wind,37.51,0.7496,0.1934,0.2504,668,163,7.331288343558282,38.31901840490798,47.96598,75.40000000000003,0.25875452820424355,0.3591512851474901,0.35315677955110175,0.32178632636620014,0.2841745442781645,0.34990059642147125,0.7143707086116542,0.33557205055209804,0.1926979088297672
New Lighthaven,18.49,0.75,0.1787,0.25,169,187,3.748663101604278,21.989304812834224,36.82785,34.0,0.2694279270043059,0.4215706376871027,0.16812981390625112,0.17530028092265015,0.20846354039745324,0.14413518886679919,0.7687969465183566,0.17211468089824108,0.01835529159456975
Moonshadow Mill,12.46,0.75,0.1834,0.25,185,195,1.7897435897435898,10.902564102564103,22.68351,15.0,0.22684490519710818,0.29000136407038607,0.06696016630325786,0.07584643598235802,0.11231794139384138,0.04970178926441351,0.5516558353241137,0.07346867288151572,-0.03686249418330702
Prince Salnash,15.23,0.7505,0.2041,0.2495,518,167,1.5149700598802396,16.023952095808383,25.64959,32.0,0.21999071279312749,0.3106570698862317,0.05276931210093236,0.12178795663931409,0.1324797544082792,0.13419483101391647,0.5167046530975874,0.09189836879883673,-0.011442561820680763
Honeydew Hollow,17.88,0.7507,0.2082,0.2493,370,170,1.0647058823529412,5.129411764705883,14.287945,9.0,0.1376691977550347,0.1439418950148564,0.029515131470805495,0.024058249315904685,0.05524941604032483,0.019880715705765405,0.09692736881985178,0.032189417016211266,0.012803943252240907
Orchid Oasis,55.15,0.7514,0.2046,0.2486,552,75,9.506666666666666,55.08,86.69547,102.20000000000002,0.24789840815596495,0.3694330173493114,0.46550558051996827,0.4721410706655063,0.547436740687074,0.48310139165009935,0.6590127309365503,0.4860745237939694,0.35427197760665935
Lionheart Landing,31.4,0.7527,0.196,0.2473,660,73,5.684931506849315,40.26027397260274,56.54344,64.8,0.27475882281108804,0.35889608010746127,0.26812963066104045,0.3392004010040375,0.34247949379362586,0.29721669980119275,0.7959804715482723,0.2959240941498877,0.1367279998402332
Misthold,5.84,0.7529,0.1587,0.2471,86,186,1.9516129032258065,6.655913978494624,17.65155,11.0,0.2760889292196007,0.2808529945553539,0.07532001023945882,0.037751770111473036,0.0781133897242538,0.029821073558648103,0.8027630053209743,0.0630220747874571,-0.09753052627673779
Ucupchancombe,23.37,0.753,0.1917,0.247,252,166,4.313253012048193,28.602409638554217,40.246435000000005,42.0,0.25799478196049197,0.35393216548639583,0.19728841993063104,0.2346232793672516,0.23170123848515214,0.18389662027832998,0.7104965790503278,0.20522610965473712,0.06312679384467154
San Bermi,8.96,0.7536,0.2183,0.2464,208,213,2.1220657276995305,9.953051643192488,15.33547,16.80000000000001,0.2577826324412889,0.28945931185144724,0.0841231550754412,0.06732881413378868,0.0623699263360515,0.05864811133200799,0.7094147774217903,0.07299806648471137,-0.06888488899964669
Wisteria Wharf,53.13,0.7536,0.1564,0.2464,691,48,9.270833333333334,64.0625,87.76984,93.9,0.2613217482885729,0.4048183254344392,0.45332581760377283,0.552718779256511,0.5547397288223643,0.44184890656063613,0.7274615837570445,0.48125251380413764,0.33576019705272875
Great Oakfray,22.4,0.7536,0.1845,0.2464,139,170,5.641176470588236,25.647058823529413,47.635014999999996,38.0,0.30370294599018005,0.4459901800327332,0.2658698739060603,0.20811224159856173,0.2819248226103998,0.16401590457256457,0.9435735451001532,0.24293430654947923,0.05421959752944858
Lolaker,51.08,0.7537,0.1739,0.2463,407,163,9.104294478527608,56.25766871165644,76.01343,85.40000000000003,0.24469778446977844,0.39449343944934395,0.44472481222765226,0.48270537306067435,0.47482599077717774,0.3996023856858848,0.6426919778702266,0.4455186187125061,0.31698022313846075
Prince Meadowridge,43.63,0.7539,0.2172,0.2461,834,165,7.612121212121212,49.515151515151516,66.20235,80.6,0.250098915881934,0.32325710216032283,0.3676605721652568,0.4222214781728578,0.4081355574679985,0.3757455268389661,0.6702336512125199,0.3828286507613071,0.24878192051880313
Briarneach,25.43,0.7552,0.2032,0.2448,287,162,4.228395061728395,19.382716049382715,34.627305,32.0,0.21201347305389223,0.29378742514970063,0.19290587696335426,0.15191782060559111,0.1935054216616619,0.13419483101391647,0.4760267813137764,0.17718477107735192,0.08197941481459664
Crystal Cove,24.61,0.7556,0.2091,0.2444,799,181,3.541436464088398,21.314917127071823,41.08028,33.0,0.21328671328671328,0.2697902097902098,0.15742746204110428,0.16925067174695022,0.23736926732221109,0.13916500994035783,0.4825193407245143,0.17094565364776096,0.0744417855028581
San Charoaksearl,63.79,0.7562,0.1849,0.2438,362,162,12.691358024691358,64.16666666666667,97.732525,93.9,0.2654707168161604,0.3917615135298108,0.6299809969241975,0.5536532085703505,0.6224606912009056,0.44184890656063613,0.7486181761771252,0.5832177388714421,0.43349410363601704
Oakenhill,14.63,0.7563,0.1838,0.2437,239,184,2.972826086956522,23.619565217391305,33.614925,34.400000000000034,0.28198384369716323,0.40822844260755214,0.12806121645034207,0.1899245667902654,0.18662380813149532,0.1461232604373759,0.8328225977531064,0.14957247861797182,-0.01699204093264947
Rstonenah Du Wkenarburgh,51.88,0.7566,0.1942,0.2434,458,178,8.741573033707866,63.79775280898876,84.898505,104.60000000000002,0.26550282573352946,0.4395757528837966,0.4259918318635914,0.5503438589105505,0.5352219412469075,0.49502982107355864,0.74878190730049,0.474080654286944,0.324324272826846
Tosqua,34.57,0.7568,0.1562,0.2432,223,180,7.238888888888889,32.544444444444444,52.765045,47.099999999999994,0.2565500154846702,0.3628367915763394,0.3483847507816645,0.2699853870037248,0.31679600127667196,0.20924453280318084,0.7031293659061658,0.30639902090717525,0.16577314772594207
Whispering Woods,20.12,0.7568,0.2134,0.2432,445,186,1.3172043010752688,6.548387096774194,18.426605000000002,13.0,0.1346014053792101,0.14756481705839594,0.04255557335102687,0.036787197916541975,0.08338179583127218,0.03976143141153081,0.08128395468132803,0.04958515191572823,0.03332836097946262
Montsteswaf Lake,30.11,0.7582,0.1751,0.2418,245,162,5.6234567901234565,40.91358024691358,59.503545,56.80000000000001,0.2815307592071874,0.4545641588368425,0.2649547297067172,0.34506089892689795,0.3626006919788071,0.25745526838966204,0.8305122105273318,0.2909946468197422,0.12489220471427581
Rosebud Grove,64.86,0.7587,0.2027,0.2413,718,44,12.113636363636363,74.04545454545455,98.42936499999999,114.50000000000001,0.2709497206703911,0.39567646344425556,0.6001441932639834,0.6422710867701077,0.6271974338986686,0.544234592445328,0.7765569399062905,0.5985856105778018,0.4432742225965437
Bivens,15.37,0.7598,0.1954,0.2402,180,182,4.164835164835165,19.384615384615383,28.837899999999998,30.80000000000001,0.29192806357172735,0.3688833124215809,0.18962328554934424,0.15193485863296596,0.15415216717262206,0.1282306163021869,0.883530576235689,0.1664816853329305,-0.0102244299142073
Silverstem Shore,32.32,0.7598,0.1949,0.2402,1504,181,3.574585635359116,25.22099447513812,40.48611,47.0,0.1611535980834792,0.21031051322215055,0.15913947213416027,0.20429022223806187,0.2333304199415644,0.20874751491053672,0.21667999713583802,0.18841434526130657,0.14507834583413898
Fourche-On-River,15.25,0.76,0.2042,0.24,226,219,0.547945205479452,2.4474885844748857,6.159996,8.200000000000017,0.1342134213421342,0.11793179317931793,0.0028266967199992656,0.0,0.0,0.015904572564612408,0.07930553038542604,0.004594262872922115,-0.011266843204163095
East Dicool,29.82,0.7607,0.1887,0.2393,586,183,5.2076502732240435,38.666666666666664,47.14427,71.80000000000001,0.2698473491273185,0.38715325272200035,0.24348013693706116,0.3249049125424496,0.27858900262989683,0.33200795228628227,0.7709356812061567,0.27634995070601137,0.12216281446478
Silvershore Sand,39.59,0.761,0.1934,0.239,386,67,5.8059701492537314,46.850746268656714,44.42702,111.19999999999999,0.23917415203110337,0.4208338919426196,0.27438074854733285,0.39832037385664276,0.26011860182699165,0.5278330019880714,0.6145256422120151,0.3346127324223433,0.21170760397994026
Kings Berthshire,32.75,0.7636,0.1756,0.2364,221,185,5.891891891891892,30.502702702702702,50.15482,47.0,0.2334630350194552,0.42225381622268776,0.27881823174738585,0.2516698989899028,0.2990530987333788,0.20874751491053672,0.5854032774422135,0.2661362285014663,0.14905557301302358
Doveheart Dale,55.83,0.7637,0.1882,0.2363,674,74,8.932432432432432,67.56756756756756,87.13823,100.70000000000003,0.23738685004561083,0.35085257174935086,0.43584888724221826,0.584161062924893,0.5504463845032462,0.4756461232604374,0.6054117577881547,0.4815590514663352,0.36047669990870423
Queens Querstone,21.82,0.7639,0.1557,0.2361,145,184,6.467391304347826,21.847826086956523,44.878780000000006,27.0,0.3120669258069968,0.33969917187764076,0.30854026596133527,0.17403114298270025,0.263189422791835,0.10934393638170972,0.9862234979300115,0.24617991911364662,0.04893521952764429
Wolton-On-River,25.09,0.7644,0.1613,0.2356,209,184,4.842391304347826,24.315217391304348,46.04809,34.70000000000002,0.2528177833437696,0.35018785222291793,0.22461610452465258,0.19616492951225417,0.2711377618709941,0.1476143141153082,0.6840978129558055,0.2156749604108122,0.07885539781965109
Luiscombepool,10.27,0.7656,0.1888,0.2344,385,167,1.7604790419161678,12.664670658682635,22.40655,17.400000000000006,0.249249699879952,0.31737695078031214,0.06544878006557166,0.09165345057575829,0.11043531660540727,0.06163021868787278,0.6659032937487116,0.07630284214901767,-0.05687781660072466
Amethyst Arbor,17.05,0.7667,0.192,0.2333,524,168,2.0476190476190474,11.333333333333334,22.0806,18.0,0.19463350785340314,0.2492146596858639,0.08027830880005687,0.07971066059097415,0.10821968420437426,0.06461232604373757,0.38740214182157434,0.08267662250874822,0.0051961941444333415
Sihovebly,48.98,0.7669,0.1989,0.2331,473,181,9.05524861878453,55.530386740331494,79.45088,85.0,0.26587510332907494,0.37765837529120017,0.442191807519419,0.4761812745637177,0.49819192296595194,0.39761431411530807,0.750680240658218,0.44787527863233334,0.29773923050068973
Hemlock Haven,78.89,0.7676,0.2049,0.2324,526,33,14.606060606060606,86.21212121212122,91.13763,169.0,0.26211575740792026,0.39393519800609256,0.7288670329500841,0.7514124306265572,0.5776321498804251,0.8151093439363816,0.7315104279948741,0.7181230583010592,0.5718209727020843
Northnettle Nook,31.44,0.7704,0.2041,0.2296,1264,167,3.1377245508982035,19.706586826347305,38.9919,41.0,0.14528107861060327,0.18801416819012795,0.13657750279403602,0.1548231103453512,0.2231735857953839,0.17892644135188862,0.13574218742854355,0.16419106786100765,0.13704263037529893
Marigold Mound,17.42,0.7706,0.1723,0.2294,572,183,1.4153005464480874,8.885245901639344,17.27893,14.800000000000011,0.16360819828408005,0.19375595805529072,0.04762181650979663,0.057750039864412565,0.07558051982005706,0.048707753479125294,0.22919659629851155,0.05444356690117604,0.00860424764147373
Rnieroynaspa,56.11,0.7706,0.1831,0.2294,511,171,11.812865497076023,56.526315789473685,89.8091,82.0,0.2833575581395349,0.35123546511627907,0.5846106900266537,0.4851152774247359,0.5686015190666672,0.382703777335984,0.8398274994209759,0.5310779320363306,0.3631124321521354
Plai Hill,7.36,0.7714,0.1555,0.2286,106,201,2.5024875621890548,10.975124378109452,19.73283,15.0,0.28680027643400136,0.3811333794056669,0.1037702833534337,0.07649733948786051,0.09226080927824057,0.04970178926441351,0.8573827513562164,0.08792739533403372,-0.08354915493720959
Souan,56.19,0.773,0.2006,0.227,446,175,10.777142857142858,54.94285714285714,79.56191,93.0,0.2520684574407798,0.3632551286410518,0.5311201336959593,0.4709108277288857,0.4989466450567226,0.4373757455268389,0.68027681922834,0.4999156277375806,0.36386026389191256
Nchinmoo,28.95,0.7739,0.2247,0.2261,231,222,5.7792792792792795,27.98198198198198,42.891165,49.0,0.2548033397042551,0.31244341615531634,0.2730022815438735,0.2290577197888405,0.24967868741898872,0.21868787276341944,0.6942226443124602,0.25308022478730247,0.11423569592481042
Mount Meagan Upon Eastring,36.85,0.7752,0.1562,0.2248,308,167,7.796407185628743,45.8562874251497,64.3541,59.0,0.28900849559390007,0.40409477072450006,0.37717813880597206,0.38939955950675625,0.395572150242322,0.26838966202783293,0.8686429940959596,0.36032138780769263,0.1865927889885007
Becclesgreennkport,23.7,0.7761,0.2076,0.2239,202,217,5.235023041474655,22.23041474654378,31.32105,44.80000000000001,0.26365427927927926,0.33952702702702703,0.24489382101191234,0.1774631627458447,0.17103128236398618,0.1978131212723658,0.7393557225410463,0.21396210750781103,0.06609096299960177
Niofort,37.19,0.7764,0.1726,0.2236,238,181,6.662983425414365,43.39779005524862,55.95014,66.0,0.250685002326423,0.40609005841906637,0.31864174580387766,0.3673455562066014,0.33844656020401737,0.3031809145129224,0.673222247521829,0.32438092346598696,0.18973647396162116
Starshine Strand,30.44,0.7765,0.1965,0.2235,1509,178,2.6741573033707864,20.764044943820224,37.472319999999996,33.0,0.13358141310052002,0.17632746529268642,0.11263627662895935,0.16430906103134343,0.2128443000645609,0.13916500994035783,0.07608276774332466,0.14315090641859776,0.12793435286993282
New Farnbro,30.36,0.7773,0.1336,0.2227,212,165,7.284848484848485,30.466666666666665,50.52505,39.0,0.28289127657975804,0.3777143286497859,0.35075836342835853,0.25134663695700693,0.3015697227058729,0.16898608349900593,0.8374498171494417,0.2946250066508557,0.1271350432209674
Silverthistle Port,26.37,0.7778,0.1878,0.2222,1243,179,2.1731843575418996,15.620111731843576,29.96973,28.0,0.13808434959349594,0.17759146341463414,0.08676320931747997,0.11816529800699108,0.1618457374148715,0.11431411530815107,0.09904432829553114,0.11043010500404361,0.09062123934493738
Misty Harbor,20.09,0.7782,0.19,0.2218,790,173,1.7283236994219653,13.635838150289016,29.57891,21.0,0.17419531821506948,0.2157095830285296,0.06378809689354996,0.10036532935468576,0.15918915372114018,0.07952286282306162,0.283182877417086,0.08967298469108391,0.03303640920766671
Southsun Summit,34.81,0.7788,0.1863,0.2212,1769,184,4.673913043478261,24.097826086956523,38.997,38.70000000000002,0.15549104983067247,0.2145137880986938,0.21591493728539785,0.1942148161616327,0.22320825284629744,0.16749502982107362,0.1878052961958112,0.20551960679233644,0.1679585475531742
New Lummis,14.82,0.7798,0.1577,0.2202,378,165,2.3393939393939394,19.945454545454545,28.16404,26.599999999999994,0.2461583924349882,0.32417257683215134,0.09534720918189481,0.15696587833444345,0.14957163012779892,0.10735586481113314,0.6501399705941999,0.11475569141217816,-0.015272302706661842
Wolf Willow,26.99,0.7802,0.164,0.2198,870,77,3.74025974025974,31.07792207792208,35.17711,55.400000000000006,0.2194721555751989,0.30218461927010987,0.1676958169498882,0.25682991671239946,0.1972426996866656,0.2504970178926441,0.5140604046215486,0.199078843662046,0.0962667627377363
Moonlit Meadow,16.59,0.7817,0.1758,0.2183,459,182,1.3626373626373627,8.87912087912088,19.355285000000002,14.0,0.17174119885823028,0.192197906755471,0.044901992792934504,0.05769509521875644,0.08969446187879893,0.044731610337972155,0.2706687301928678,0.05510572036169711,0.0009719743231235423
Mistyfern Harbor,31.61,0.7826,0.1805,0.2174,1390,183,3.398907103825137,23.459016393442624,38.15467,47.0,0.15843228013684846,0.21598913262225802,0.1500664423240575,0.18848436012722447,0.2174825475529637,0.20874751491053672,0.20280333977883583,0.1791276696674513,0.13856700171168412
Grand Kamaydam,33.0,0.7839,0.1786,0.2161,237,171,5.666666666666667,39.59649122807018,57.55895,53.0,0.249208025343189,0.39721928898275255,0.2671863313403612,0.3332459236807219,0.34938238337660804,0.23856858846918483,0.6656907852221399,0.2845079524074114,0.15136979536298342
Pabea,23.38,0.7841,0.1838,0.2159,228,206,5.660194174757281,23.635922330097088,39.53106,41.0,0.28575730201746463,0.36653116531165314,0.2668520553674991,0.19007129862004518,0.22683850484843177,0.17892644135188862,0.8520643729475786,0.23358614678581816,0.06317327219630242
Ravenflower Rock,26.63,0.7856,0.1832,0.2144,1307,179,2.094972067039106,17.139664804469273,34.03986,29.200000000000017,0.1417483660130719,0.17903828197945845,0.08272388569010201,0.13179648138295535,0.18951228720599433,0.12027833001988077,0.11772803281004245,0.11649971442852157,0.09295410786651308
Rainrose Ruin,29.01,0.7858,0.202,0.2142,1588,182,2.4615384615384617,16.939560439560438,34.015005,29.900000000000006,0.13011795543905635,0.16162516382699868,0.10165544093270303,0.13000144089273413,0.18934333631374808,0.12375745526838966,0.05842176076759812,0.12644802287205248,0.11476367071853286
Lushleaf Landing,19.51,0.7876,0.1795,0.2124,886,166,1.9578313253012047,13.397590361445783,24.574645,22.0,0.179315768777035,0.21863940228077075,0.07564116461369708,0.09822812246330126,0.12517285773293502,0.08449304174950296,0.30929329132511085,0.08957657444966625,0.02771791618464408
Copperfield Cliff,42.4,0.7882,0.1584,0.2118,884,69,6.159420289855072,54.3768115942029,72.29401,85.4,0.24151155177251893,0.35094939668880365,0.29263490649172985,0.4658331040140294,0.4495433785205427,0.39960238568588463,0.626444607931595,0.36272991648855335,0.23744099490223436
Silkseed Sanctuary,26.26,0.7893,0.173,0.2107,1558,184,2.472826086956522,18.47826086956522,35.699870000000004,29.0,0.1578461893231869,0.19601060763288367,0.10223839754674739,0.14380438604806714,0.2007961403799131,0.11928429423459241,0.19981472119006063,0.12951572430108152,0.08955278006306938
Saint Cliffebray,57.98,0.7893,0.1758,0.2107,262,169,11.597633136094675,57.18934911242604,88.03212,83.0,0.26032393427193223,0.3790344719400761,0.5734948774670247,0.49106303204571894,0.5565225668838552,0.38767395626242535,0.7223734891328644,0.5246930465673403,0.38021834874076743
Sparrowspike Spire,32.17,0.7899,0.1819,0.2101,1191,181,4.248618784530387,24.204419889502763,40.5502,44.0,0.17575977595685094,0.22720672129447153,0.19395034402629896,0.19517101814985177,0.23376606921471121,0.19383697813121267,0.2911604252295675,0.20201288329731942,0.14378079825140594
Garnet Gulch,21.13,0.7909,0.1805,0.2091,551,171,2.0292397660818713,12.076023391812866,24.77567,20.0,0.16365905164138989,0.19821462852754848,0.07932909908263151,0.08637297766368218,0.1265393173231104,0.07455268389662026,0.2294559098475643,0.08852024755163011,0.04262906558211725
Starbud Shore,38.3,0.7913,0.1722,0.2087,1223,178,5.185393258426966,24.337078651685392,52.839065000000005,42.30000000000001,0.15928923452547813,0.19586743229190215,0.24233065921218205,0.1963610364166144,0.3172991493371857,0.18538767395626243,0.2071731571448354,0.24133879790644208,0.199904166477475
Lavender Lagoon,21.31,0.7915,0.1604,0.2085,399,172,2.686046511627907,15.093023255813954,34.91228,19.0,0.19389915319476522,0.2498075442648191,0.11325030237242084,0.1134370395462962,0.19544252809971802,0.06958250497017891,0.3836574900843331,0.12097386175481943,0.0442423637379528
Emerald Enclave,27.39,0.7925,0.1714,0.2075,483,183,4.688524590163935,28.989071038251367,43.21639,45.0,0.23857714216458611,0.3214761847048843,0.216669559933329,0.23809183373276088,0.2518893916608232,0.19880715705765403,0.6114813447359827,0.22228327308363605,0.0999870041364395
Cranfleet,16.9,0.7927,0.1408,0.2073,165,217,4.050691244239632,17.17511520737327,31.16618,25.0,0.2707359813084112,0.3628309968847352,0.18372824996837472,0.13211448998130015,0.16997855958457836,0.09940357852882702,0.7754670312855168,0.15895200160499845,0.003858595347895094
Amberfall Anchorage,24.75,0.7929,0.1922,0.2071,624,184,2.5652173913043477,16.407608695652176,36.137725,25.400000000000034,0.16900072939460248,0.22020423048869442,0.107010005387629,0.12522955638339744,0.20377244265005978,0.10139165009940372,0.25669441462596626,0.12706077688204695,0.07572189395685369
Glinting Glade,50.36,0.7935,0.1531,0.2065,311,28,8.357142857142858,57.17857142857143,88.608925,84.9,0.24933095450490636,0.35704727921498663,0.40613769020256113,0.4909663506019202,0.5604433763548715,0.39711729622266395,0.6663176307028186,0.4436776146769797,0.31041408853641594
Phoenix Pines,20.27,0.7942,0.1579,0.2058,623,165,2.418181818181818,17.67878787878788,31.11062,26.0,0.20047846889952153,0.27913875598086124,0.09941625943337032,0.13663269646529672,0.16960089265344966,0.10437375745526836,0.4172070096439581,0.11816632938495844,0.034724927456166815
Moonmoss Marsh,28.66,0.7944,0.1764,0.2056,1908,182,2.730769230769231,25.565934065934066,43.695350000000005,39.900000000000006,0.1703360935216756,0.22664393570384803,0.11556003572694631,0.20738451022343968,0.2551451035638721,0.17345924453280318,0.2635037587752483,0.16423933850515218,0.11153858675010253
Snowpea Summit,27.08,0.7948,0.1721,0.2052,1263,179,2.089385474860335,17.81564245810056,36.63108,29.0,0.1414219050233324,0.17507548723579466,0.08243536257386073,0.1378603533994689,0.2071260040036773,0.11928429423459241,0.1160633293891682,0.12028577627453121,0.09707311039669757
Lowspert With Asstell River,25.09,0.795,0.1507,0.205,201,182,4.785714285714286,29.813186813186814,42.511855,42.900000000000006,0.2594991652754591,0.36233722871452423,0.22168898374831342,0.24548458193849407,0.24710034250094656,0.18836978131212723,0.7181677928536381,0.22248697483062088,0.07885341625989326
Saint Kipre,18.89,0.7967,0.2003,0.2033,419,182,3.2032967032967035,18.565934065934066,26.89718,39.0,0.2405932709536134,0.3363527772247661,0.13996401842704678,0.14459086033342766,0.14096019873165633,0.16898608349900593,0.6217620722884387,0.14643035169299862,0.022077937235310874
Ravenroot Ridge,30.47,0.797,0.1614,0.203,1277,175,4.034285714285715,23.05142857142857,39.54562,37.0,0.17649495210975927,0.2088532228837691,0.18288097591033975,0.18482808484222688,0.22693747588005944,0.15904572564612324,0.29490926596446904,0.1871199367446291,0.12813808355173528
Hadfupu Bay,47.97,0.7973,0.1987,0.2027,371,180,8.655555555555555,48.38333333333333,76.41855000000001,94.1,0.26333816892327533,0.3509429400386847,0.42154940434184934,0.41206847893739484,0.4775797781626863,0.4428429423459243,0.7377437995010732,0.4360660941663863,0.28851733426617165
Obsidian Oasis,21.25,0.7976,0.1702,0.2024,668,167,1.904191616766467,11.455089820359282,23.46072,17.400000000000006,0.15463481661557976,0.20219849910157492,0.07287090765462881,0.08080287976499488,0.11760099602923597,0.06163021868787278,0.18343915626782653,0.08036198474723565,0.04367415349367034
Ravenshadow Ridge,18.07,0.7978,0.1828,0.2022,461,167,1.5688622754491017,10.832335329341317,23.81678,17.0,0.17422631703283722,0.21367824238128988,0.055552609946828785,0.07521644726836421,0.12002129997987816,0.05964214711729621,0.2833409478745155,0.07123063911968569,0.014562449544782585
Sunflower Glade,32.73,0.798,0.192,0.202,1476,184,3.1902173913043477,16.820652173913043,30.824235,38.0,0.11866100424681489,0.15463402448163877,0.13928852901712235,0.12893477174957826,0.16765420179543514,0.16401590457256457,0.0,0.14887176295711896,0.14887176295711896
Thunderbolt Terrace,23.97,0.7981,0.1722,0.2019,625,184,2.6902173913043477,21.168478260869566,36.484175,30.0,0.1883116883116883,0.2690660403426361,0.11346571011352767,0.1679370387620081,0.20612742300084327,0.12425447316103377,0.35516565737778105,0.13960293816534006,0.06856980668978384
Port Worthforks,17.98,0.7986,0.1784,0.2014,289,185,3.075675675675676,19.18918918918919,28.51986,30.599999999999994,0.2400365074536051,0.3600040563837339,0.13337294905794989,0.15018178376226174,0.1519903026878099,0.12723658051689854,0.6189230007539764,0.13755002954614282,0.013765429395347528
Ivywood,21.02,0.7991,0.1845,0.2009,633,167,1.6467065868263473,11.017964071856287,22.43189,18.400000000000006,0.14934399343993437,0.1886018860188602,0.05957292905756807,0.07688163387793681,0.11060756426622081,0.06660039761431413,0.15645997126086433,0.07291622029268471,0.041624226040511844
Jeweljasmine Junction,16.28,0.7995,0.1793,0.2005,445,169,0.9644970414201184,6.366863905325443,15.49796,11.0,0.1541106595811191,0.1681775554860894,0.02433978196691068,0.03515884024072048,0.06347444576800074,0.029821073558648103,0.1807663529750403,0.03434487887285716,-0.001808391722150901
Thallmil,13.62,0.8,0.1518,0.2,131,224,3.9017857142857144,14.428571428571429,25.34189,22.400000000000034,0.28373400542846067,0.3132997285769678,0.17603792890088713,0.10747656020220395,0.13038817566982894,0.08648111332007967,0.8417470950521527,0.14214047826864568,-0.02620894074178487
Springbud Stronghold,28.61,0.8006,0.1808,0.1994,1240,181,2.6408839779005526,19.23204419889503,38.23759,31.0,0.14696977744728318,0.18489403516226696,0.11091785451308292,0.15056621554447625,0.21804619301605205,0.12922465208747513,0.14435327058580133,0.13996971783169454,0.11109906371453428
Moose Harry,47.41,0.801,0.1805,0.199,609,166,7.728915662650603,52.6144578313253,86.65858,83.5,0.25196188340807174,0.3496957078795644,0.37369249605518745,0.4500238718471035,0.5471859823521327,0.390159045725646,0.6797333724999359,0.4193176408278598,0.2833709663278726
Elmead,15.17,0.8014,0.1635,0.1986,142,171,3.210526315789474,8.859649122807017,22.92022,18.0,0.23988188292513465,0.2631578947368421,0.14033739637533474,0.057520423411796966,0.1139269683784971,0.06461232604373757,0.6181345329443885,0.111628599413294,-0.0119983071755837
Fort Sillos,11.82,0.8018,0.1529,0.1982,112,202,2.5742574257425743,18.46039603960396,21.512340000000002,31.0,0.2731707317073171,0.4664165103189493,0.10747688373199017,0.14364412920836261,0.1043569590372903,0.12922465208747513,0.7878824115159937,0.11481917701178443,-0.04275730529141433
Sunstone Shores,21.92,0.802,0.1747,0.198,405,167,3.059880239520958,15.29940119760479,30.6587,22.0,0.19533353275501045,0.25476119254162927,0.13255718368329672,0.11528835729227264,0.1665289840948522,0.08449304174950296,0.39097173783772554,0.12801183273974664,0.049817485172201526
Pearlbrook Port,19.6,0.8022,0.199,0.1978,638,181,1.850828729281768,12.668508287292818,25.35756,19.0,0.17329093799682035,0.1918667893900092,0.07011494729524824,0.09168787610538054,0.13049469188312604,0.06958250497017891,0.27857122429341047,0.08424170062882316,0.02852745577014107
Wnaldeanshot,8.15,0.8031,0.1548,0.1969,382,224,1.0669642857142858,13.125,18.946785,17.0,0.24613300214519593,0.3319408377554477,0.02963176815282804,0.09578284478901293,0.08691769907523397,0.05964214711729621,0.6500104993752714,0.05370613779382136,-0.07629596208123293
Nightnarcissus Nave,29.59,0.8068,0.1763,0.1932,1461,167,3.1317365269461077,22.347305389221557,41.87125,37.0,0.1639627014499003,0.2011534522718698,0.13626824747782532,0.17851173275894855,0.24274585502046261,0.15904572564612324,0.23100429354688004,0.16634361314812468,0.12014275443874867
Tidalteasel Town,28.73,0.8077,0.1603,0.1923,1743,171,2.5672514619883042,21.88888888888889,37.08608,36.0,0.14963917525773196,0.19293814432989692,0.10711505626544685,0.17439949772670654,0.2102188487420422,0.15407554671968188,0.15796517463067475,0.1438563569977389,0.11226332207160396
Opal Orchard,18.5,0.8099,0.1677,0.1901,564,166,2.180722891566265,12.933734939759036,27.410955,20.0,0.19543906717573004,0.22154576411103086,0.08715254171529953,0.09406709747058963,0.1444525642381473,0.07455268389662026,0.39150988333355363,0.09678403023166224,0.0184820535649515
Rosehaven,36.9,0.813,0.1683,0.187,1621,165,5.284848484848485,34.096969696969694,52.30654,59.39999999999998,0.19894256188416246,0.2704157654409997,0.24746708781397983,0.2839123480255067,0.3136793314376302,0.2703777335984094,0.4093750488799681,0.26893619171674854,0.1870611819407549
Zephyr Peak,65.02,0.8134,0.1676,0.1866,644,56,12.785714285714286,75.60714285714286,96.375925,108.0,0.2788598574821852,0.40228028503562946,0.6348540862058283,0.6562802452103191,0.6132392556579039,0.5119284294234592,0.8168926376589836,0.6080886046402187,0.44471007710842203
Sapphire Springs,22.6,0.8135,0.1442,0.1865,489,168,3.017857142857143,17.589285714285715,31.42839,26.0,0.1951014224391886,0.2487164380102685,0.13038687405346083,0.13582981538213285,0.17176092182380173,0.10437375745526836,0.3897881512870716,0.13400335442075773,0.0560457241633434
Thornhold,29.41,0.8135,0.1744,0.1865,1481,180,3.1555555555555554,26.72222222222222,42.55457,42.0,0.17586821015138024,0.23795389334124864,0.13749839640230793,0.21775701788885768,0.24739069604599986,0.18389662027832998,0.29171335737229215,0.1767823632549057,0.11843969178044728
Golden Glade,16.55,0.8136,0.1636,0.1864,473,166,1.2530120481927711,9.825301204819278,20.60126,14.5,0.17226996966632963,0.20614256825075833,0.03924032350862989,0.06618282609085968,0.09816392830272008,0.047216699801192835,0.27336506023157736,0.05531456998418349,0.0006415579378680203
Shingrdie,9.85,0.814,0.1586,0.186,130,208,2.5865384615384617,15.336538461538462,25.49965,19.0,0.2820421278114959,0.3796263239319291,0.10811114565860169,0.11562149791360464,0.1314605431114211,0.06958250497017891,0.8331198025266068,0.10582633223698132,-0.06079762826834004
Rubyvale,18.36,0.815,0.2042,0.185,536,191,1.387434554973822,8.654450261780104,20.85638,14.0,0.15828981723237598,0.17983028720626631,0.046182659606978496,0.05567968263506079,0.0998980965437127,0.044731610337972155,0.20207688702681706,0.0575852394433323,0.017169862037968886
Royal Sulwold,22.55,0.8153,0.1692,0.1847,158,225,4.28,19.61777777777778,31.84933,31.19999999999999,0.23491874415042965,0.3755636858674381,0.19557104691439198,0.15402644687350264,0.17462224504175183,0.13021868787276333,0.5928262898274447,0.17415635472744928,0.055591096761960335
Shadowseed Shore,26.54,0.8164,0.1738,0.1836,1134,182,2.208791208791209,15.285714285714286,31.90018,25.0,0.13687996970844377,0.17556481130884766,0.08860214786055627,0.11516557855608296,0.17496789593174272,0.09940357852882702,0.09290290442654635,0.11069192667800037,0.0921113457926911
Coorteon,20.02,0.8165,0.1482,0.1835,110,210,4.780952380952381,18.976190476190474,32.533924999999996,25.0,0.26467032456058776,0.37059425276666974,0.22144305213970777,0.1482710742463954,0.17927575283001748,0.09940357852882702,0.7445367827862753,0.18128449976626235,0.03237714320900728
Willowbrook Crossing,17.09,0.8165,0.1635,0.1835,317,182,2.1263736263736264,10.510989010989011,25.95433,16.0,0.1987373737373737,0.24154040404040403,0.08434563925007361,0.07233380323864148,0.13455121266227765,0.05467196819085486,0.40832874497041177,0.08725083611952747,0.005585087125445115
Sapphireseed Shore,29.87,0.8177,0.1614,0.1823,1422,180,2.933333333333333,22.944444444444443,43.2886,33.099999999999994,0.15511684125705075,0.20799758259468168,0.12602158800071028,0.18386838144027975,0.2523802363169932,0.13966202783300194,0.18589711631457748,0.15980608497438215,0.12262666171146665
Las Shallrie,9.03,0.8182,0.1327,0.1818,100,202,2.792079207920792,14.128712871287128,22.303179999999998,22.0,0.2922218426147364,0.3250199293930076,0.11872642860088288,0.10478667259325615,0.10973266306561655,0.08449304174950296,0.8850286265181089,0.10868702252279096,-0.06831870278083084
Moonpetal Vale,27.92,0.8201,0.1556,0.1799,1146,181,2.955801104972376,18.386740331491712,37.2575,28.0,0.1561306223043746,0.20505237215033886,0.12718195039711494,0.1429833991015624,0.21138406950039493,0.11431411530815107,0.1910666306839489,0.1430289520704229,0.10481562593363311
Fort Quillton,22.66,0.8205,0.1679,0.1795,157,182,6.0,25.318681318681318,45.73626,37.0,0.3066524908869988,0.34993924665856624,0.28440154394275763,0.20516652415982073,0.2690181096187648,0.15904572564612324,0.9586139867886827,0.2483301914403385,0.05660739408260193
Oaksyep Bay,12.94,0.822,0.1467,0.178,119,192,2.3385416666666665,15.270833333333334,22.007695,23.0,0.24716981132075472,0.3457547169811321,0.09530319301330913,0.1150320886541059,0.10772411531283471,0.08946322067594431,0.655297439731373,0.09859227256982096,-0.032467215376453654
Cypress Cove,27.68,0.8222,0.1549,0.1778,957,178,4.050561797752809,35.331460674157306,48.141819999999996,53.30000000000001,0.24005598973521522,0.3667910883004783,0.18372156462200087,0.2949863757703492,0.28536980981397564,0.2400596421471173,0.6190223456125112,0.22644531028025394,0.10264084115775168
South Skegstergreat,30.49,0.8223,0.1451,0.1777,378,171,6.333333333333333,40.666666666666664,66.90381,66.0,0.31476860254083483,0.3943965517241379,0.3016167565451541,0.3428459553681673,0.4129037044354126,0.3031809145129224,1.0,0.32830989759906076,0.12830989759906075
Northvine Tower,31.15,0.8228,0.175,0.1772,1463,166,3.0602409638554215,22.53012048192771,45.23083,32.0,0.14792327118370857,0.20095642362043953,0.13257581352162268,0.18015167946266286,0.2655824689240137,0.13419483101391647,0.1492153653986491,0.16425853469466367,0.13441546161493384
Coral Crest,15.23,0.823,0.1394,0.177,306,197,0.9289340101522843,5.365482233502538,15.36487,9.0,0.15963703579230382,0.17761720719206855,0.02250310653472637,0.026175924511188713,0.0625697716883766,0.019880715705765405,0.20894667979184792,0.030359243197310457,-0.011430092761059132
Saint Perthprudnorth,23.44,0.8235,0.1744,0.1765,103,220,5.331818181818182,21.345454545454544,37.918485000000004,34.0,0.2658739988440261,0.38774667657501444,0.24989286777159023,0.16952460831244584,0.21587708923531382,0.14413518886679919,0.7506746086222418,0.21390135033746233,0.06376642861301396
Azure Haven,22.09,0.824,0.1569,0.176,393,182,3.5824175824175826,14.934065934065934,32.531615,20.0,0.2072572433583264,0.25159677867259095,0.15954395803526691,0.1120111094878249,0.179260050695192,0.07455268389662026,0.4517736175560167,0.14173563688477842,0.051380913373575074
Oyston Wells,33.2,0.8241,0.1727,0.1759,109,182,6.269230769230769,20.675824175824175,51.610749999999996,31.0,0.21668315701347132,0.28639926935078774,0.2983061387370009,0.16351767474297604,0.3089497260738788,0.12922465208747513,0.4998386274645713,0.25313971247506883,0.15317198698215456
St Cechil,23.15,0.8255,0.1371,0.1745,150,181,6.18232044198895,26.701657458563535,39.34499,40.0,0.30247552336225425,0.38470110642362493,0.29381759945456565,0.21757254123610703,0.22557370128696466,0.1739562624254473,0.9373146207208666,0.24857204659337592,0.06110912244920261
Nightshade Nook,27.98,0.8256,0.1647,0.1744,1446,182,2.708791208791209,21.75824175824176,39.42668,33.80000000000001,0.16085652218889004,0.20482052343022655,0.11442496676415094,0.17322752484370788,0.22612898587306798,0.14314115308151096,0.21516513541108342,0.14838926365736205,0.10535623657514537
Midnight Mirage,20.52,0.8263,0.1586,0.1737,502,171,2.239766081871345,15.409356725146198,27.46779,23.0,0.18395338413267592,0.2362169430748543,0.09020186493677665,0.11627471570654503,0.14483889793200438,0.08946322067594431,0.3329416119204599,0.10358882776063257,0.03700050537654058
Diamond Dale,18.55,0.8266,0.1558,0.1734,520,167,1.9161676646706587,13.550898203592814,29.39666,19.0,0.19047619047619047,0.23325087610801895,0.07348941828705023,0.09960337374404038,0.15795031646055338,0.06958250497017891,0.36620297660116463,0.09221161080407562,0.018971015483842696
East Pynbrook,24.24,0.8276,0.1607,0.1724,146,182,5.697802197802198,24.087912087912088,47.296065,40.0,0.2887601576957116,0.3527234693056561,0.2687943457043213,0.19412588242091752,0.2796208232168421,0.1739562624254473,0.8673766591841622,0.2445251782227103,0.07104984638587786
Sunstone Sanctuary,31.78,0.8299,0.1613,0.1701,1776,180,2.6944444444444446,23.95,38.813185000000004,39.0,0.13253287070854639,0.19681336742147554,0.11368401896899286,0.19288873908321005,0.22195877755930288,0.16898608349900593,0.07073599688337269,0.1543198556044792,0.14017265622780467
Ruby Ridge,19.05,0.8317,0.1592,0.1683,512,166,1.4819277108433735,10.168674698795181,23.33841,17.0,0.1620276080561213,0.19099343742928263,0.051062818910275636,0.06926306537117868,0.11676959857879773,0.05964214711729621,0.22113678504331982,0.06774006513147447,0.023512708122810505
Dbech Forest,100.0,0.8333,0.1467,0.1667,403,118,19.85593220338983,113.92372881355932,146.7542,152.3,0.2876417910447761,0.4012835820895523,1.0,1.0,0.9556836133758098,0.732107355864811,0.8616738375665176,0.9375581938481242,0.7652234263348207
Whispering Willow,22.58,0.8333,0.1312,0.1667,169,178,4.275280898876405,25.52247191011236,37.181625,35.0,0.2504974417282547,0.32283968163729393,0.19532732592698726,0.20699463202399204,0.21086831214979393,0.14910536779324052,0.67226583073941,0.19035786215449974,0.05590469600661771
Sunbrook Meadow,26.93,0.8347,0.1719,0.1653,1229,182,2.21978021978022,15.983516483516484,35.378055,26.0,0.1398412125586431,0.17496691928305064,0.08916968234195395,0.12142522811340754,0.19860861547996392,0.10437375745526836,0.10800299680419916,0.11732383856936418,0.09572323920852435
Onyx Outpost,24.73,0.8359,0.1483,0.1641,726,181,2.8121546961325965,17.1878453038674,31.50598,30.0,0.17436200029502877,0.22945862221566599,0.11976323999387224,0.1322286855844885,0.172288336819955,0.12425447316103377,0.2840328295933876,0.13241305055158273,0.0756064846329052
Liroyalsingquay,16.21,0.8364,0.1575,0.1636,435,166,2.3433734939759034,13.716867469879517,24.1373,21.0,0.21739130434782608,0.2796610169491525,0.09555273581646886,0.10109220460114174,0.1222000221678797,0.07952286282306162,0.5034496417267166,0.09823016536653686,-0.0024597629788064568
Stonybloom,36.09,0.8372,0.1605,0.1628,1868,177,3.519774011299435,27.56497175141243,55.04327,42.0,0.14247727904115567,0.19363416279715837,0.15630869085035015,0.22531692058613514,0.33228214678010326,0.18389662027832998,0.1214449363590367,0.20392179089547527,0.17963280362366793
Mount Winlean,13.32,0.8381,0.1525,0.1619,106,187,3.5294117647058822,16.737967914438503,30.04314,24.0,0.28688524590163933,0.36134841837912723,0.15680643877205452,0.12819305082945553,0.16234473902419758,0.09443339960238567,0.8578160311902318,0.14257815219428946,-0.028985054043756897
Belan,13.55,0.8397,0.1226,0.1603,132,177,3.457627118644068,17.84180790960452,34.50007,21.400000000000006,0.2873896595208071,0.398234552332913,0.1530990749414288,0.1380950711424623,0.19264054671597872,0.08151093439363818,0.8603881580407757,0.14518934080688403,-0.026888290801271114
Feryeo,26.13,0.8428,0.149,0.1572,370,215,5.358139534883721,27.306976744186045,42.48652,37.599999999999994,0.2572264691829909,0.3506330625895843,0.2512522508386082,0.2230025708494002,0.24692812882743784,0.162027833001988,0.706578766664756,0.22971757487012928,0.08840182153717807
Thunderthistle Thicket,27.42,0.8436,0.1457,0.1564,1158,168,3.0297619047619047,22.029761904761905,39.430735,32.30000000000001,0.17284320182003232,0.22157696222235526,0.131001703074975,0.17566320213208944,0.22615654957727474,0.13568588469184895,0.27628810940809756,0.1554356586045212,0.10017803672290168
Falcons Hollow,17.25,0.8448,0.1496,0.1552,510,168,1.0238095238095237,10.845238095238095,22.64315,16.0,0.16527310239982626,0.1978499294168748,0.027403012949839205,0.07533219180612637,0.11204359586935699,0.05467196819085486,0.23768634442775055,0.05457783846757461,0.0070405695820244946
Stormwind Haven,21.77,0.8449,0.1402,0.1551,594,184,2.3260869565217392,12.201086956521738,26.61568,17.0,0.1651212553495007,0.200160485021398,0.09465996156417068,0.08749486304887158,0.1390467134704482,0.05964214711729621,0.23691203964993213,0.09581723920452138,0.048434831274534955
Twilight Tulip Tower,25.77,0.8451,0.1453,0.1549,1621,185,2.151351351351351,20.945945945945947,38.37144,31.19999999999999,0.1619896667004356,0.19628203829399252,0.08563562978752078,0.16594080786593274,0.2189560331660084,0.13021868787276333,0.2209433129085543,0.129246839888108,0.08505817730639714
Albatross Acre,41.93,0.8507,0.1409,0.1493,202,40,9.075,47.35,64.82272,59.1,0.27771577380952384,0.3523065476190476,0.44321188019986485,0.4027989401441074,0.39875757639900894,0.2688866799204771,0.8110586787373814,0.3954146853782404,0.23320294963076416
Bahqui Lake,8.79,0.855,0.104,0.145,132,209,1.9952153110047848,10.598086124401913,17.53337,15.0,0.2578341349657484,0.32283923626293537,0.07757188439913332,0.07311510975951012,0.07731006578759456,0.04970178926441351,0.709677401230901,0.07149982418591928,-0.0704356560602609
Topaz Terrace,13.97,0.8571,0.1152,0.1429,379,184,0.8913043478260869,5.0271739130434785,14.151530000000001,9.0,0.16817325800376648,0.17419962335216574,0.020559698623420743,0.0231411224783624,0.05432214040299727,0.019880715705765405,0.2524749381853064,0.027434532781299144,-0.02306045485576214
Mount Saultsilswkinge,43.66,0.8643,0.1343,0.1357,222,180,7.9944444444444445,46.82222222222222,69.519835,59.0,0.24059121390447516,0.3844715113361617,0.3874058993470964,0.39806449828732077,0.4306860322522937,0.26838966202783293,0.621751582898144,0.3733245383583056,0.24897422177867679
Cliffrose Keep,71.14,0.871,0.1334,0.129,443,30,11.133333333333333,89.2,120.45835,141.20000000000002,0.2584127874369041,0.3752103196859226,0.549515818019663,0.7782152612722506,0.7769385995003566,0.676938369781312,0.7126280899150187,0.6433548289933902,0.5008292110103865
Swans,11.54,0.8776,0.0924,0.1224,50,211,1.4454976303317535,9.341232227488153,14.71944,10.0,0.20951849786205615,0.36642498605688795,0.04918136416688577,0.061840474964410135,0.058182486458744034,0.024850894632206754,0.46330430032099296,0.04738140579807406,-0.04527945426612454
Silvermoon City,14.62,0.8832,0.1278,0.1168,369,169,1.3254437869822486,9.65680473372781,20.33952,15.0,0.1914223074815018,0.22362291038640722,0.042981106855896185,0.06467132488894252,0.09638476087014951,0.04970178926441351,0.37102745568071993,0.057174995943754955,-0.017030495192389028
Stokeelkstone,4.09,0.8833,0.1342,0.1167,121,201,0.8308457711442786,6.641791044776119,10.17616,9.0,0.25148771021992233,0.34540750323415265,0.017437276869773886,0.03762508003213881,0.0272997180127699,0.019880715705765405,0.6773154489096501,0.021917233181807886,-0.11354585660012215
Port Lakefieldca,9.12,0.9074,0.0988,0.0926,55,218,1.6330275229357798,7.302752293577981,14.48626,10.0,0.23391235688906437,0.314251875246743,0.05886646507833442,0.04355424706758584,0.05659745451128927,0.024850894632206754,0.5876944781581364,0.050078327074625,-0.06746056855700228
