maze_name,n_estados,n_comparados,taxa_acordo,desvio_pct,js_divergencia,terminal
Nelroyal,86,85,0.6118,0.3882,0.1766,"('Nelroyal', 10, 13)"
Sunset Serengeti,731,730,0.6288,0.3712,0.2424,"('Sunset Serengeti', 40, 33)"
North Stranthorpe,164,163,0.6319,0.3681,0.2019,"('North Stranthorpe', 9, 5)"
Downpreswood,201,200,0.635,0.365,0.1862,"('Downpreswood', 26, 10)"
Crorkan,331,330,0.6364,0.3636,0.224,"('Crorkan', 18, 24)"
Bridtoumers,95,94,0.6383,0.3617,0.1781,"('Bridtoumers', 2, 12)"
Chimney Well,289,288,0.6389,0.3611,0.2667,"('Chimney Well', 11, 0)"
West Wotton,201,200,0.645,0.355,0.2075,"('West Wotton', 12, 4)"
Insed,990,989,0.6451,0.3549,0.2869,"('Insed', 3, 30)"
Stowen Grove,286,285,0.6456,0.3544,0.2373,"('Stowen Grove', 15, 20)"
Walnut Wood,773,772,0.6477,0.3523,0.2532,"('Walnut Wood', 49, 26)"
West Wellgreatcli,115,114,0.6491,0.3509,0.1908,"('West Wellgreatcli', 2, 10)"
Islesdean,73,72,0.6528,0.3472,0.1983,"('Islesdean', 8, 5)"
Aux Ishal,84,83,0.6627,0.3373,0.1854,"('Aux Ishal', 13, 10)"
Red Tringplainspat,283,282,0.6631,0.3369,0.2189,"('Red Tringplainspat', 13, 1)"
Kraigmill,367,366,0.6639,0.3361,0.2316,"('Kraigmill', 6, 25)"
Hawkseye Harbor,346,345,0.6696,0.3304,0.2278,"('Hawkseye Harbor', 24, 28)"
Fragan Heights,323,322,0.6739,0.3261,0.2265,"('Fragan Heights', 10, 5)"
New Elmspring,477,476,0.6744,0.3256,0.2407,"('New Elmspring', 0, 4)"
Lymesham,135,134,0.6791,0.3209,0.1805,"('Lymesham', 7, 14)"
Rattlesnake Ridge,708,707,0.6803,0.3197,0.2311,"('Rattlesnake Ridge', 31, 30)"
Tiche,261,260,0.6808,0.3192,0.2447,"('Tiche', 29, 8)"
Stowcold,375,374,0.6818,0.3182,0.2281,"('Stowcold', 25, 13)"
Be,176,174,0.6839,0.3161,0.1991,"('Be', 7, 15)"
Otter Creek,360,359,0.6852,0.3148,0.1795,"('Otter Creek', 19, 2)"
Fort Egat,119,118,0.6864,0.3136,0.2016,"('Fort Egat', 6, 5)"
Black Bear Bight,345,344,0.689,0.311,0.2089,"('Black Bear Bight', 15, 1)"
Port Rnonsta,236,235,0.6936,0.3064,0.2033,"('Port Rnonsta', 23, 2)"
Nyster Wells,174,173,0.6936,0.3064,0.2469,"('Nyster Wells', 4, 10)"
Stagskull Shore,664,663,0.6938,0.3062,0.2379,"('Stagskull Shore', 28, 29)"
Shafton Lake,332,331,0.6949,0.3051,0.224,"('Shafton Lake', 20, 15)"
Attau,119,118,0.6949,0.3051,0.1534,"('Attau', 20, 14)"
Swangates,257,256,0.6953,0.3047,0.1595,"('Swangates', 24, 22)"
El Ton,192,191,0.6963,0.3037,0.208,"('El Ton', 18, 1)"
Silverwood-on-Lake,349,348,0.7011,0.2989,0.2111,"('Silverwood-on-Lake', 26, 1)"
Grand Stormwatch,269,268,0.7015,0.2985,0.218,"('Grand Stormwatch', 15, 9)"
Whitport,219,218,0.7018,0.2982,0.2081,"('Whitport', 22, 20)"
Aux Buwales,132,131,0.7023,0.2977,0.2111,"('Aux Buwales', 0, 14)"
Og,234,233,0.7039,0.2961,0.2309,"('Og', 2, 7)"
Branfray Bay,329,328,0.7043,0.2957,0.2085,"('Branfray Bay', 26, 11)"
Whitebeaupr,165,164,0.7073,0.2927,0.1751,"('Whitebeaupr', 6, 24)"
Stra,358,357,0.7087,0.2913,0.2131,"('Stra', 0, 4)"
Eawi,135,134,0.709,0.291,0.1916,"('Eawi', 16, 0)"
Beakwind Bay,606,605,0.7107,0.2893,0.2315,"('Beakwind Bay', 25, 2)"
Yassdrawich,129,128,0.7109,0.2891,0.2339,"('Yassdrawich', 2, 11)"
Port Carrahur,285,284,0.7113,0.2887,0.2509,"('Port Carrahur', 2, 2)"
Fipea Grove,157,156,0.7115,0.2885,0.2322,"('Fipea Grove', 7, 9)"
Churchsoundbury,338,337,0.7122,0.2878,0.2074,"('Churchsoundbury', 26, 3)"
Hawthorn Haven,425,424,0.7123,0.2877,0.1816,"('Hawthorn Haven', 3, 53)"
Cobblestone Creek,791,790,0.7139,0.2861,0.2164,"('Cobblestone Creek', 25, 13)"
Sparrow Hill,407,406,0.7143,0.2857,0.1843,"('Sparrow Hill', 23, 17)"
Chatle,115,114,0.7193,0.2807,0.2196,"('Chatle', 1, 6)"
Tigerlily Terrace,233,232,0.7198,0.2802,0.2061,"('Tigerlily Terrace', 15, 20)"
San Chu,212,211,0.7204,0.2796,0.167,"('San Chu', 12, 3)"
Lophiington,357,356,0.7219,0.2781,0.2133,"('Lophiington', 25, 24)"
Bearpaw Brook,759,758,0.723,0.277,0.2126,"('Bearpaw Brook', 27, 27)"
Ckrodhurstkenford,392,391,0.7238,0.2762,0.1988,"('Ckrodhurstkenford', 24, 1)"
El Fallvey,465,464,0.7241,0.2759,0.2185,"('El Fallvey', 16, 2)"
Hightree Harbor,342,341,0.7243,0.2757,0.2092,"('Hightree Harbor', 11, 18)"
Riverside Roost,405,404,0.7252,0.2748,0.2135,"('Riverside Roost', 28, 7)"
Frostpine Fort,578,577,0.7262,0.2738,0.2336,"('Frostpine Fort', 32, 24)"
Grandstoguquay,309,308,0.7273,0.2727,0.202,"('Grandstoguquay', 23, 6)"
Eucalyptus Edge,452,451,0.7273,0.2727,0.2018,"('Eucalyptus Edge', 19, 24)"
Starlight Summit,515,514,0.7276,0.2724,0.2047,"('Starlight Summit', 22, 16)"
Grand Shengates,164,163,0.7301,0.2699,0.1598,"('Grand Shengates', 8, 7)"
Port Systhaven,343,342,0.731,0.269,0.2094,"('Port Systhaven', 4, 15)"
Chammoines,325,324,0.7315,0.2685,0.218,"('Chammoines', 26, 7)"
Tyve End,230,229,0.7336,0.2664,0.1638,"('Tyve End', 13, 22)"
Selespring,156,155,0.7355,0.2645,0.23,"('Selespring', 3, 16)"
Swan Lake City,562,561,0.7362,0.2638,0.2034,"('Swan Lake City', 16, 17)"
Shipstocruces,317,316,0.7373,0.2627,0.2004,"('Shipstocruces', 7, 16)"
Lake Montste,256,255,0.7373,0.2627,0.2238,"('Lake Montste', 5, 16)"
Gazelle Plains,380,379,0.7388,0.2612,0.211,"('Gazelle Plains', 8, 22)"
La Stryrest,342,341,0.739,0.261,0.1885,"('La Stryrest', 9, 3)"
Kingston Vale,523,522,0.7395,0.2605,0.2101,"('Kingston Vale', 28, 6)"
Dragons Descent,570,569,0.7399,0.2601,0.2065,"('Dragons Descent', 0, 16)"
Honeysuckle Harbor,317,316,0.7405,0.2595,0.1777,"('Honeysuckle Harbor', 14, 22)"
West Sportnga,317,316,0.7405,0.2595,0.1908,"('West Sportnga', 13, 1)"
Saint Charlerush,302,301,0.7409,0.2591,0.1832,"('Saint Charlerush', 4, 19)"
East Amppriest,314,313,0.7412,0.2588,0.1823,"('East Amppriest', 14, 4)"
Staincanchar River,487,486,0.7428,0.2572,0.2089,"('Staincanchar River', 14, 11)"
Lionsmane Meadow,632,631,0.7433,0.2567,0.1892,"('Lionsmane Meadow', 19, 19)"
New Hawkntonqa,169,168,0.744,0.256,0.2144,"('New Hawkntonqa', 9, 0)"
West Wyvernhaven,388,387,0.7442,0.2558,0.2289,"('West Wyvernhaven', 12, 2)"
North Royali,650,649,0.7458,0.2542,0.2211,"('North Royali', 36, 1)"
Tebrobank,312,311,0.746,0.254,0.1669,"('Tebrobank', 15, 14)"
Port Ironpeak,462,461,0.7462,0.2538,0.1906,"('Port Ironpeak', 12, 35)"
Mount Xeprice,96,95,0.7474,0.2526,0.1909,"('Mount Xeprice', 15, 12)"
Annmits Upon Biglonfield,200,199,0.7487,0.2513,0.1962,"('Annmits Upon Biglonfield', 24, 23)"
South Myardstian,324,323,0.7492,0.2508,0.1978,"('South Myardstian', 20, 29)"
Willow Wind,668,667,0.7496,0.2504,0.1934,"('Willow Wind', 37, 4)"
New Lighthaven,169,168,0.75,0.25,0.1787,"('New Lighthaven', 20, 14)"
Moonshadow Mill,185,184,0.75,0.25,0.1834,"('Moonshadow Mill', 15, 9)"
Prince Salnash,518,517,0.7505,0.2495,0.2041,"('Prince Salnash', 2, 9)"
Honeydew Hollow,370,369,0.7507,0.2493,0.2082,"('Honeydew Hollow', 13, 21)"
Orchid Oasis,552,551,0.7514,0.2486,0.2046,"('Orchid Oasis', 20, 23)"
Lionheart Landing,660,659,0.7527,0.2473,0.196,"('Lionheart Landing', 35, 11)"
Misthold,86,85,0.7529,0.2471,0.1587,"('Misthold', 7, 3)"
Ucupchancombe,252,251,0.753,0.247,0.1917,"('Ucupchancombe', 23, 24)"
San Bermi,208,207,0.7536,0.2464,0.2183,"('San Bermi', 12, 14)"
Wisteria Wharf,691,690,0.7536,0.2464,0.1564,"('Wisteria Wharf', 35, 0)"
Great Oakfray,139,138,0.7536,0.2464,0.1845,"('Great Oakfray', 9, 3)"
Lolaker,407,406,0.7537,0.2463,0.1739,"('Lolaker', 30, 1)"
Prince Meadowridge,834,833,0.7539,0.2461,0.2172,"('Prince Meadowridge', 11, 0)"
Briarneach,287,286,0.7552,0.2448,0.2032,"('Briarneach', 5, 2)"
Crystal Cove,799,798,0.7556,0.2444,0.2091,"('Crystal Cove', 13, 30)"
San Charoaksearl,362,361,0.7562,0.2438,0.1849,"('San Charoaksearl', 13, 7)"
Oakenhill,239,238,0.7563,0.2437,0.1838,"('Oakenhill', 10, 5)"
Rstonenah Du Wkenarburgh,458,456,0.7566,0.2434,0.1942,"('Rstonenah Du Wkenarburgh', 29, 8)"
Tosqua,223,222,0.7568,0.2432,0.1562,"('Tosqua', 8, 18)"
Whispering Woods,445,444,0.7568,0.2432,0.2134,"('Whispering Woods', 4, 10)"
Montsteswaf Lake,245,244,0.7582,0.2418,0.1751,"('Montsteswaf Lake', 21, 25)"
Rosebud Grove,718,717,0.7587,0.2413,0.2027,"('Rosebud Grove', 13, 14)"
Bivens,180,179,0.7598,0.2402,0.1954,"('Bivens', 13, 22)"
Silverstem Shore,1504,1503,0.7598,0.2402,0.1949,"('Silverstem Shore', 16, 0)"
Fourche-On-River,226,225,0.76,0.24,0.2042,"('Fourche-On-River', 7, 19)"
East Dicool,586,585,0.7607,0.2393,0.1887,"('East Dicool', 1, 8)"
Silvershore Sand,386,385,0.761,0.239,0.1934,"('Silvershore Sand', 17, 20)"
Kings Berthshire,221,220,0.7636,0.2364,0.1756,"('Kings Berthshire', 17, 5)"
Doveheart Dale,674,673,0.7637,0.2363,0.1882,"('Doveheart Dale', 3, 42)"
Queens Querstone,145,144,0.7639,0.2361,0.1557,"('Queens Querstone', 2, 4)"
Wolton-On-River,209,208,0.7644,0.2356,0.1613,"('Wolton-On-River', 12, 3)"
Luiscombepool,385,384,0.7656,0.2344,0.1888,"('Luiscombepool', 17, 2)"
Amethyst Arbor,524,523,0.7667,0.2333,0.192,"('Amethyst Arbor', 17, 17)"
Sihovebly,473,472,0.7669,0.2331,0.1989,"('Sihovebly', 5, 20)"
Hemlock Haven,526,525,0.7676,0.2324,0.2049,"('Hemlock Haven', 21, 8)"
Northnettle Nook,1264,1263,0.7704,0.2296,0.2041,"('Northnettle Nook', 3, 40)"
Marigold Mound,572,571,0.7706,0.2294,0.1723,"('Marigold Mound', 22, 8)"
Rnieroynaspa,511,510,0.7706,0.2294,0.1831,"('Rnieroynaspa', 6, 1)"
Plai Hill,106,105,0.7714,0.2286,0.1555,"('Plai Hill', 6, 2)"
Souan,446,445,0.773,0.227,0.2006,"('Souan', 2, 32)"
Nchinmoo,231,230,0.7739,0.2261,0.2247,"('Nchinmoo', 25, 1)"
Mount Meagan Upon Eastring,308,307,0.7752,0.2248,0.1562,"('Mount Meagan Upon Eastring', 1, 25)"
Becclesgreennkport,202,201,0.7761,0.2239,0.2076,"('Becclesgreennkport', 6, 20)"
Niofort,238,237,0.7764,0.2236,0.1726,"('Niofort', 21, 9)"
Starshine Strand,1509,1508,0.7765,0.2235,0.1965,"('Starshine Strand', 3, 42)"
New Farnbro,212,211,0.7773,0.2227,0.1336,"('New Farnbro', 20, 9)"
Silverthistle Port,1243,1242,0.7778,0.2222,0.1878,"('Silverthistle Port', 7, 35)"
Misty Harbor,790,789,0.7782,0.2218,0.19,"('Misty Harbor', 27, 13)"
Southsun Summit,1769,1768,0.7788,0.2212,0.1863,"('Southsun Summit', 39, 42)"
New Lummis,378,377,0.7798,0.2202,0.1577,"('New Lummis', 21, 18)"
Wolf Willow,870,869,0.7802,0.2198,0.164,"('Wolf Willow', 21, 30)"
Moonlit Meadow,459,458,0.7817,0.2183,0.1758,"('Moonlit Meadow', 11, 11)"
Mistyfern Harbor,1390,1389,0.7826,0.2174,0.1805,"('Mistyfern Harbor', 0, 25)"
Grand Kamaydam,237,236,0.7839,0.2161,0.1786,"('Grand Kamaydam', 22, 26)"
Pabea,228,227,0.7841,0.2159,0.1838,"('Pabea', 15, 3)"
Ravenflower Rock,1307,1306,0.7856,0.2144,0.1832,"('Ravenflower Rock', 47, 1)"
Rainrose Ruin,1588,1587,0.7858,0.2142,0.202,"('Rainrose Ruin', 9, 5)"
Lushleaf Landing,886,885,0.7876,0.2124,0.1795,"('Lushleaf Landing', 24, 9)"
Copperfield Cliff,884,883,0.7882,0.2118,0.1584,"('Copperfield Cliff', 1, 31)"
Silkseed Sanctuary,1558,1557,0.7893,0.2107,0.173,"('Silkseed Sanctuary', 47, 2)"
Saint Cliffebray,262,261,0.7893,0.2107,0.1758,"('Saint Cliffebray', 20, 1)"
Sparrowspike Spire,1191,1190,0.7899,0.2101,0.1819,"('Sparrowspike Spire', 40, 37)"
Garnet Gulch,551,550,0.7909,0.2091,0.1805,"('Garnet Gulch', 1, 14)"
Starbud Shore,1223,1222,0.7913,0.2087,0.1722,"('Starbud Shore', 32, 4)"
Lavender Lagoon,399,398,0.7915,0.2085,0.1604,"('Lavender Lagoon', 2, 12)"
Emerald Enclave,483,482,0.7925,0.2075,0.1714,"('Emerald Enclave', 10, 22)"
Cranfleet,165,164,0.7927,0.2073,0.1408,"('Cranfleet', 20, 15)"
Amberfall Anchorage,624,623,0.7929,0.2071,0.1922,"('Amberfall Anchorage', 4, 3)"
Glinting Glade,311,310,0.7935,0.2065,0.1531,"('Glinting Glade', 22, 41)"
Phoenix Pines,623,622,0.7942,0.2058,0.1579,"('Phoenix Pines', 18, 27)"
Moonmoss Marsh,1908,1907,0.7944,0.2056,0.1764,"('Moonmoss Marsh', 4, 46)"
Snowpea Summit,1263,1262,0.7948,0.2052,0.1721,"('Snowpea Summit', 4, 1)"
Lowspert With Asstell River,201,200,0.795,0.205,0.1507,"('Lowspert With Asstell River', 25, 3)"
Saint Kipre,419,418,0.7967,0.2033,0.2003,"('Saint Kipre', 6, 10)"
Ravenroot Ridge,1277,1276,0.797,0.203,0.1614,"('Ravenroot Ridge', 10, 27)"
Hadfupu Bay,371,370,0.7973,0.2027,0.1987,"('Hadfupu Bay', 18, 2)"
Obsidian Oasis,668,667,0.7976,0.2024,0.1702,"('Obsidian Oasis', 30, 9)"
Ravenshadow Ridge,461,460,0.7978,0.2022,0.1828,"('Ravenshadow Ridge', 8, 1)"
Sunflower Glade,1476,1475,0.798,0.202,0.192,"('Sunflower Glade', 7, 6)"
Thunderbolt Terrace,625,624,0.7981,0.2019,0.1722,"('Thunderbolt Terrace', 29, 32)"
Port Worthforks,289,288,0.7986,0.2014,0.1784,"('Port Worthforks', 19, 21)"
Ivywood,633,632,0.7991,0.2009,0.1845,"('Ivywood', 14, 5)"
Jeweljasmine Junction,445,444,0.7995,0.2005,0.1793,"('Jeweljasmine Junction', 12, 7)"
Thallmil,131,130,0.8,0.2,0.1518,"('Thallmil', 6, 10)"
Springbud Stronghold,1240,1239,0.8006,0.1994,0.1808,"('Springbud Stronghold', 47, 37)"
Moose Harry,609,608,0.801,0.199,0.1805,"('Moose Harry', 27, 2)"
Elmead,142,141,0.8014,0.1986,0.1635,"('Elmead', 8, 14)"
Fort Sillos,112,111,0.8018,0.1982,0.1529,"('Fort Sillos', 10, 15)"
Sunstone Shores,405,404,0.802,0.198,0.1747,"('Sunstone Shores', 20, 15)"
Pearlbrook Port,638,637,0.8022,0.1978,0.199,"('Pearlbrook Port', 28, 1)"
Wnaldeanshot,382,381,0.8031,0.1969,0.1548,"('Wnaldeanshot', 24, 13)"
Nightnarcissus Nave,1461,1460,0.8068,0.1932,0.1763,"('Nightnarcissus Nave', 48, 7)"
Tidalteasel Town,1743,1742,0.8077,0.1923,0.1603,"('Tidalteasel Town', 42, 2)"
Opal Orchard,564,563,0.8099,0.1901,0.1677,"('Opal Orchard', 19, 2)"
Rosehaven,1621,1620,0.813,0.187,0.1683,"('Rosehaven', 22, 16)"
Zephyr Peak,644,643,0.8134,0.1866,0.1676,"('Zephyr Peak', 0, 36)"
Sapphire Springs,489,488,0.8135,0.1865,0.1442,"('Sapphire Springs', 8, 23)"
Thornhold,1481,1480,0.8135,0.1865,0.1744,"('Thornhold', 8, 42)"
Golden Glade,473,472,0.8136,0.1864,0.1636,"('Golden Glade', 1, 15)"
Shingrdie,130,129,0.814,0.186,0.1586,"('Shingrdie', 10, 25)"
Rubyvale,536,535,0.815,0.185,0.2042,"('Rubyvale', 11, 19)"
Royal Sulwold,158,157,0.8153,0.1847,0.1692,"('Royal Sulwold', 0, 1)"
Shadowseed Shore,1134,1133,0.8164,0.1836,0.1738,"('Shadowseed Shore', 0, 28)"
Coorteon,110,109,0.8165,0.1835,0.1482,"('Coorteon', 11, 1)"
Willowbrook Crossing,317,316,0.8165,0.1835,0.1635,"('Willowbrook Crossing', 18, 12)"
Sapphireseed Shore,1422,1421,0.8177,0.1823,0.1614,"('Sapphireseed Shore', 37, 8)"
Las Shallrie,100,99,0.8182,0.1818,0.1327,"('Las Shallrie', 18, 5)"
Moonpetal Vale,1146,1145,0.8201,0.1799,0.1556,"('Moonpetal Vale', 44, 24)"
Fort Quillton,157,156,0.8205,0.1795,0.1679,"('Fort Quillton', 2, 10)"
Oaksyep Bay,119,118,0.822,0.178,0.1467,"('Oaksyep Bay', 0, 2)"
Cypress Cove,957,956,0.8222,0.1778,0.1549,"('Cypress Cove', 48, 26)"
South Skegstergreat,378,377,0.8223,0.1777,0.1451,"('South Skegstergreat', 25, 16)"
Northvine Tower,1463,1462,0.8228,0.1772,0.175,"('Northvine Tower', 0, 22)"
Coral Crest,306,305,0.823,0.177,0.1394,"('Coral Crest', 14, 6)"
Saint Perthprudnorth,103,102,0.8235,0.1765,0.1744,"('Saint Perthprudnorth', 9, 9)"
Azure Haven,393,392,0.824,0.176,0.1569,"('Azure Haven', 2, 9)"
Oyston Wells,109,108,0.8241,0.1759,0.1727,"('Oyston Wells', 11, 15)"
St Cechil,150,149,0.8255,0.1745,0.1371,"('St Cechil', 18, 16)"
Nightshade Nook,1446,1445,0.8256,0.1744,0.1647,"('Nightshade Nook', 8, 48)"
Midnight Mirage,502,501,0.8263,0.1737,0.1586,"('Midnight Mirage', 34, 8)"
Diamond Dale,520,519,0.8266,0.1734,0.1558,"('Diamond Dale', 30, 16)"
East Pynbrook,146,145,0.8276,0.1724,0.1607,"('East Pynbrook', 13, 9)"
Sunstone Sanctuary,1776,1775,0.8299,0.1701,0.1613,"('Sunstone Sanctuary', 59, 44)"
Ruby Ridge,512,511,0.8317,0.1683,0.1592,"('Ruby Ridge', 1, 9)"
Dbech Forest,403,402,0.8333,0.1667,0.1467,"('Dbech Forest', 12, 22)"
Whispering Willow,169,168,0.8333,0.1667,0.1312,"('Whispering Willow', 11, 5)"
Sunbrook Meadow,1229,1228,0.8347,0.1653,0.1719,"('Sunbrook Meadow', 38, 1)"
Onyx Outpost,726,725,0.8359,0.1641,0.1483,"('Onyx Outpost', 8, 7)"
Liroyalsingquay,435,434,0.8364,0.1636,0.1575,"('Liroyalsingquay', 8, 25)"
Stonybloom,1868,1867,0.8372,0.1628,0.1605,"('Stonybloom', 5, 0)"
Mount Winlean,106,105,0.8381,0.1619,0.1525,"('Mount Winlean', 21, 7)"
Belan,132,131,0.8397,0.1603,0.1226,"('Belan', 15, 15)"
Feryeo,370,369,0.8428,0.1572,0.149,"('Feryeo', 1, 22)"
Thunderthistle Thicket,1158,1157,0.8436,0.1564,0.1457,"('Thunderthistle Thicket', 46, 31)"
Falcons Hollow,510,509,0.8448,0.1552,0.1496,"('Falcons Hollow', 28, 8)"
Stormwind Haven,594,593,0.8449,0.1551,0.1402,"('Stormwind Haven', 13, 13)"
Twilight Tulip Tower,1621,1620,0.8451,0.1549,0.1453,"('Twilight Tulip Tower', 47, 45)"
Albatross Acre,202,201,0.8507,0.1493,0.1409,"('Albatross Acre', 10, 18)"
Bahqui Lake,132,131,0.855,0.145,0.104,"('Bahqui Lake', 7, 13)"
Topaz Terrace,379,378,0.8571,0.1429,0.1152,"('Topaz Terrace', 9, 15)"
Mount Saultsilswkinge,222,221,0.8643,0.1357,0.1343,"('Mount Saultsilswkinge', 25, 21)"
Cliffrose Keep,443,442,0.871,0.129,0.1334,"('Cliffrose Keep', 34, 4)"
Swans,50,49,0.8776,0.1224,0.0924,"('Swans', 4, 14)"
Silvermoon City,369,368,0.8832,0.1168,0.1278,"('Silvermoon City', 9, 22)"
Stokeelkstone,121,120,0.8833,0.1167,0.1342,"('Stokeelkstone', 4, 3)"
Port Lakefieldca,55,54,0.9074,0.0926,0.0988,"('Port Lakefieldca', 5, 14)"
