maze_name,js_base,js_penalidade_2x,js_penalidade_0x,js_saida_menor,js_saida_maior
Albatross Acre,0.1409,0.1417,0.1349,0.1399,0.1418
Amberfall Anchorage,0.1922,0.1924,0.198,0.192,0.195
Amethyst Arbor,0.192,0.1928,0.1948,0.1921,0.1952
Annmits Upon Biglonfield,0.1962,0.1957,0.1962,0.204,0.1954
Attau,0.1534,0.1534,0.1534,0.158,0.1534
Aux Buwales,0.2111,0.203,0.2122,0.1958,0.2123
Aux Ishal,0.1854,0.1828,0.1854,0.1828,0.1854
Azure Haven,0.1569,0.152,0.1635,0.154,0.1632
Bahqui Lake,0.104,0.104,0.1047,0.1056,0.1047
Be,0.1991,0.1927,0.1978,0.1823,0.2006
Beakwind Bay,0.2315,0.2277,0.235,0.2296,0.2316
Bearpaw Brook,0.2126,0.2119,0.2076,0.2123,0.2116
Becclesgreennkport,0.2076,0.2084,0.2039,0.2168,0.2048
Belan,0.1226,0.1179,0.1138,0.1216,0.1236
Bivens,0.1954,0.1956,0.1856,0.197,0.1986
Black Bear Bight,0.2089,0.2084,0.2065,0.2107,0.208
Branfray Bay,0.2085,0.2091,0.203,0.2112,0.2039
Briarneach,0.2032,0.2035,0.2015,0.2041,0.2026
Bridtoumers,0.1781,0.1781,0.1801,0.1798,0.1781
Chammoines,0.218,0.218,0.2209,0.2185,0.2205
Chatle,0.2196,0.2151,0.2406,0.2151,0.2208
Chimney Well,0.2667,0.2574,0.2469,0.2536,0.2665
Churchsoundbury,0.2074,0.2092,0.2114,0.2236,0.2088
Ckrodhurstkenford,0.1988,0.2009,0.1879,0.2006,0.1936
Cliffrose Keep,0.1334,0.1334,0.1425,0.1335,0.1334
Cobblestone Creek,0.2164,0.2158,0.2189,0.2177,0.2148
Coorteon,0.1482,0.1487,0.1419,0.1498,0.1419
Copperfield Cliff,0.1584,0.1581,0.1993,0.1577,0.1704
Coral Crest,0.1394,0.1383,0.147,0.1364,0.1422
Cranfleet,0.1408,0.1346,0.1446,0.1352,0.1425
Crorkan,0.224,0.2266,0.2195,0.2304,0.2203
Crystal Cove,0.2091,0.2085,0.2086,0.2053,0.2091
Cypress Cove,0.1549,0.1533,0.1621,0.1518,0.157
Dbech Forest,0.1467,0.1468,0.1395,0.1474,0.1478
Diamond Dale,0.1558,0.1566,0.1602,0.1566,0.1582
Doveheart Dale,0.1882,0.1882,0.1946,0.1887,0.1893
Downpreswood,0.1862,0.1862,0.1837,0.1962,0.1849
Dragons Descent,0.2065,0.2064,0.2194,0.2053,0.2106
East Amppriest,0.1823,0.1817,0.1879,0.1827,0.1855
East Dicool,0.1887,0.1847,0.2043,0.1829,0.1987
East Pynbrook,0.1607,0.1588,0.1587,0.1616,0.1565
Eawi,0.1916,0.1951,0.1927,0.204,0.1936
El Fallvey,0.2185,0.2155,0.2123,0.2191,0.2173
El Ton,0.208,0.2135,0.2007,0.2132,0.2054
Elmead,0.1635,0.1633,0.1685,0.1731,0.1639
Emerald Enclave,0.1714,0.1808,0.187,0.1768,0.1819
Eucalyptus Edge,0.2018,0.2025,0.1966,0.2023,0.2066
Falcons Hollow,0.1496,0.1484,0.1487,0.1495,0.1504
Feryeo,0.149,0.1464,0.1537,0.1505,0.1507
Fipea Grove,0.2322,0.2332,0.2084,0.2467,0.2144
Fort Egat,0.2016,0.2017,0.1988,0.2029,0.2041
Fort Quillton,0.1679,0.1657,0.1648,0.1688,0.1585
Fort Sillos,0.1529,0.1476,0.1783,0.1528,0.1718
Fourche-On-River,0.2042,0.2054,0.2008,0.2029,0.2042
Fragan Heights,0.2265,0.2124,0.2393,0.1869,0.2388
Frostpine Fort,0.2336,0.2358,0.2199,0.2352,0.2252
Garnet Gulch,0.1805,0.1807,0.1835,0.182,0.1819
Gazelle Plains,0.211,0.2122,0.2036,0.2147,0.2091
Glinting Glade,0.1531,0.1538,0.1588,0.1543,0.1539
Golden Glade,0.1636,0.1631,0.1677,0.1628,0.1661
Grand Kamaydam,0.1786,0.1795,0.1713,0.1817,0.1764
Grand Shengates,0.1598,0.1571,0.162,0.1543,0.1636
Grand Stormwatch,0.218,0.2179,0.2078,0.2181,0.2171
Grandstoguquay,0.202,0.2135,0.204,0.219,0.2045
Great Oakfray,0.1845,0.1853,0.1852,0.1881,0.1845
Hadfupu Bay,0.1987,0.1974,0.2207,0.1978,0.2065
Hawkseye Harbor,0.2278,0.2313,0.2278,0.236,0.2278
Hawthorn Haven,0.1816,0.183,0.1751,0.1841,0.1758
Hemlock Haven,0.2049,0.2053,0.2055,0.2048,0.2061
Hightree Harbor,0.2092,0.2142,0.2091,0.2164,0.2072
Honeydew Hollow,0.2082,0.2077,0.2083,0.2081,0.2087
Honeysuckle Harbor,0.1777,0.1757,0.1793,0.1747,0.1794
Insed,0.2869,0.2867,0.2914,0.2867,0.2899
Islesdean,0.1983,0.1952,0.1958,0.2019,0.2003
Ivywood,0.1845,0.1848,0.1943,0.1841,0.1887
Jeweljasmine Junction,0.1793,0.1788,0.1834,0.1796,0.1839
Kings Berthshire,0.1756,0.1782,0.1789,0.1782,0.1805
Kingston Vale,0.2101,0.209,0.2055,0.2179,0.2103
Kraigmill,0.2316,0.2334,0.2247,0.2324,0.2288
La Stryrest,0.1885,0.1899,0.194,0.1894,0.196
Lake Montste,0.2238,0.2275,0.2121,0.2313,0.2089
Las Shallrie,0.1327,0.1312,0.1381,0.1346,0.1381
Lavender Lagoon,0.1604,0.1594,0.1633,0.1616,0.1601
Lionheart Landing,0.196,0.1977,0.2056,0.1989,0.2008
Lionsmane Meadow,0.1892,0.1867,0.1926,0.1817,0.1972
Liroyalsingquay,0.1575,0.1575,0.1612,0.1565,0.1589
Lolaker,0.1739,0.1742,0.1785,0.1731,0.1762
Lophiington,0.2133,0.2055,0.2104,0.2058,0.2107
Lowspert With Asstell River,0.1507,0.154,0.1399,0.1558,0.1405
Luiscombepool,0.1888,0.1861,0.194,0.1853,0.1929
Lushleaf Landing,0.1795,0.1774,0.1837,0.1752,0.1826
Lymesham,0.1805,0.1805,0.178,0.1814,0.1805
Marigold Mound,0.1723,0.172,0.1735,0.1734,0.1723
Midnight Mirage,0.1586,0.1546,0.163,0.1562,0.1599
Misthold,0.1587,0.1587,0.1587,0.1621,0.1587
Misty Harbor,0.19,0.1863,0.196,0.1834,0.1913
Mistyfern Harbor,0.1805,0.1801,0.1936,0.1798,0.1866
Montsteswaf Lake,0.1751,0.1756,0.1739,0.1746,0.1758
Moonlit Meadow,0.1758,0.174,0.1812,0.1708,0.1785
Moonmoss Marsh,0.1764,0.1764,0.179,0.177,0.1766
Moonpetal Vale,0.1556,0.156,0.1585,0.1556,0.1565
Moonshadow Mill,0.1834,0.1834,0.18,0.1834,0.1804
Moose Harry,0.1805,0.1785,0.1805,0.1765,0.179
Mount Meagan Upon Eastring,0.1562,0.1536,0.1558,0.1521,0.157
Mount Saultsilswkinge,0.1343,0.1338,0.1377,0.138,0.1312
Mount Winlean,0.1525,0.1525,0.1485,0.1584,0.1525
Mount Xeprice,0.1909,0.1925,0.19,0.1817,0.19
Nchinmoo,0.2247,0.2241,0.2254,0.2258,0.2287
Nelroyal,0.1766,0.1766,0.1797,0.1734,0.1766
New Elmspring,0.2407,0.243,0.2342,0.2455,0.2302
New Farnbro,0.1336,0.1336,0.1344,0.1374,0.1346
New Hawkntonqa,0.2144,0.2029,0.2064,0.2078,0.2144
New Lighthaven,0.1787,0.17,0.1994,0.1628,0.1888
New Lummis,0.1577,0.1548,0.1619,0.1558,0.1611
Nightnarcissus Nave,0.1763,0.1768,0.1838,0.1765,0.1794
Nightshade Nook,0.1647,0.1643,0.1681,0.1643,0.1651
Niofort,0.1726,0.1717,0.1694,0.1712,0.1725
North Royali,0.2211,0.2142,0.2042,0.2134,0.2088
North Stranthorpe,0.2019,0.1952,0.2174,0.1959,0.2145
Northnettle Nook,0.2041,0.2029,0.2091,0.2033,0.207
Northvine Tower,0.175,0.1745,0.1809,0.175,0.1793
Nyster Wells,0.2469,0.2493,0.2411,0.2493,0.2468
Oakenhill,0.1838,0.1832,0.1881,0.1887,0.1867
Oaksyep Bay,0.1467,0.1408,0.151,0.138,0.151
Obsidian Oasis,0.1702,0.1708,0.1715,0.1701,0.1706
Og,0.2309,0.2284,0.2242,0.2231,0.2321
Onyx Outpost,0.1483,0.1479,0.1491,0.1476,0.1489
Opal Orchard,0.1677,0.1663,0.172,0.166,0.172
Orchid Oasis,0.2046,0.2046,0.197,0.2046,0.2018
Otter Creek,0.1795,0.1789,0.1789,0.182,0.1801
Oyston Wells,0.1727,0.1777,0.1667,0.1785,0.167
Pabea,0.1838,0.1792,0.1827,0.185,0.1813
Pearlbrook Port,0.199,0.1987,0.2009,0.1989,0.1995
Phoenix Pines,0.1579,0.1539,0.1653,0.1539,0.1627
Plai Hill,0.1555,0.1469,0.1624,0.1394,0.1624
Port Carrahur,0.2509,0.2568,0.2361,0.2529,0.2469
Port Ironpeak,0.1906,0.1904,0.2035,0.189,0.1904
Port Lakefieldca,0.0988,0.108,0.1017,0.108,0.0988
Port Rnonsta,0.2033,0.204,0.1996,0.202,0.2007
Port Systhaven,0.2094,0.21,0.1919,0.2127,0.2025
Port Worthforks,0.1784,0.1727,0.1671,0.1791,0.1712
Prince Meadowridge,0.2172,0.218,0.2162,0.2194,0.216
Prince Salnash,0.2041,0.198,0.212,0.1952,0.21
Queens Querstone,0.1557,0.1546,0.158,0.1561,0.157
Rainrose Ruin,0.202,0.2015,0.2062,0.2008,0.2051
Rattlesnake Ridge,0.2311,0.2303,0.2365,0.225,0.2368
Ravenflower Rock,0.1832,0.1819,0.1899,0.181,0.1861
Ravenroot Ridge,0.1614,0.1574,0.1754,0.1561,0.1706
Ravenshadow Ridge,0.1828,0.1796,0.1819,0.1805,0.1835
Red Tringplainspat,0.2189,0.2158,0.2111,0.2196,0.2089
Riverside Roost,0.2135,0.2149,0.2,0.2111,0.2068
Rnieroynaspa,0.1831,0.1861,0.1813,0.1865,0.1823
Rosebud Grove,0.2027,0.2024,0.2035,0.2035,0.2022
Rosehaven,0.1683,0.167,0.1829,0.1644,0.177
Royal Sulwold,0.1692,0.1719,0.1749,0.1854,0.1736
Rstonenah Du Wkenarburgh,0.1942,0.1985,0.2133,0.2014,0.1926
Ruby Ridge,0.1592,0.1592,0.1626,0.1584,0.1615
Rubyvale,0.2042,0.2023,0.2022,0.2026,0.205
Saint Charlerush,0.1832,0.1818,0.199,0.1804,0.196
Saint Cliffebray,0.1758,0.1773,0.1718,0.1778,0.171
Saint Kipre,0.2003,0.1971,0.2157,0.1985,0.206
Saint Perthprudnorth,0.1744,0.1756,0.1801,0.1821,0.1801
San Bermi,0.2183,0.216,0.2238,0.2162,0.2241
San Charoaksearl,0.1849,0.1861,0.183,0.1889,0.1823
San Chu,0.167,0.1634,0.1747,0.1603,0.1773
Sapphire Springs,0.1442,0.1401,0.1513,0.1297,0.1491
Sapphireseed Shore,0.1614,0.161,0.1681,0.1606,0.1637
Selespring,0.23,0.2308,0.2174,0.2329,0.2203
Shadowseed Shore,0.1738,0.1732,0.1771,0.1729,0.1753
Shafton Lake,0.224,0.2252,0.2104,0.2233,0.2235
Shingrdie,0.1586,0.1577,0.1572,0.1583,0.1531
Shipstocruces,0.2004,0.195,0.2047,0.1962,0.2081
Sihovebly,0.1989,0.1975,0.214,0.1974,0.2056
Silkseed Sanctuary,0.173,0.1723,0.1728,0.1719,0.1727
Silvermoon City,0.1278,0.1297,0.1267,0.1298,0.1262
Silvershore Sand,0.1934,0.1934,0.2023,0.1945,0.1969
Silverstem Shore,0.1949,0.1941,0.2038,0.1944,0.1999
Silverthistle Port,0.1878,0.1867,0.1916,0.1867,0.1898
Silverwood-on-Lake,0.2111,0.2134,0.2022,0.2136,0.2044
Snowpea Summit,0.1721,0.1721,0.1752,0.172,0.173
Souan,0.2006,0.1987,0.2025,0.2016,0.2028
South Myardstian,0.1978,0.1976,0.1849,0.1971,0.1847
South Skegstergreat,0.1451,0.1416,0.1713,0.1422,0.1566
Southsun Summit,0.1863,0.1854,0.1993,0.1857,0.1949
Sparrow Hill,0.1843,0.1855,0.1811,0.1879,0.1826
Sparrowspike Spire,0.1819,0.1795,0.1842,0.18,0.1842
Springbud Stronghold,0.1808,0.1804,0.1858,0.1803,0.1836
St Cechil,0.1371,0.128,0.1606,0.1257,0.152
Stagskull Shore,0.2379,0.2382,0.2272,0.2386,0.2313
Staincanchar River,0.2089,0.202,0.2087,0.2049,0.2071
Starbud Shore,0.1722,0.1719,0.1814,0.1719,0.1729
Starlight Summit,0.2047,0.2,0.2142,0.1961,0.2088
Starshine Strand,0.1965,0.1961,0.2008,0.1957,0.1981
Stokeelkstone,0.1342,0.1254,0.1356,0.1254,0.1342
Stonybloom,0.1605,0.1601,0.1635,0.1599,0.1608
Stormwind Haven,0.1402,0.1392,0.1516,0.14,0.1492
Stowcold,0.2281,0.2346,0.2313,0.2354,0.2311
Stowen Grove,0.2373,0.2392,0.2231,0.2366,0.2312
Stra,0.2131,0.2094,0.2158,0.2027,0.217
Sunbrook Meadow,0.1719,0.1714,0.1764,0.1719,0.1742
Sunflower Glade,0.192,0.1906,0.1972,0.19,0.1962
Sunset Serengeti,0.2424,0.2129,0.2149,0.2144,0.2211
Sunstone Sanctuary,0.1613,0.1615,0.162,0.1613,0.161
Sunstone Shores,0.1747,0.1679,0.1835,0.1637,0.1814
Swan Lake City,0.2034,0.2052,0.2042,0.2078,0.2014
Swangates,0.1595,0.1552,0.163,0.1525,0.1618
Swans,0.0924,0.0924,0.0924,0.0924,0.0924
Tebrobank,0.1669,0.1604,0.1986,0.1597,0.1806
Thallmil,0.1518,0.1573,0.1494,0.1567,0.1515
Thornhold,0.1744,0.1743,0.1777,0.1741,0.1761
Thunderbolt Terrace,0.1722,0.1719,0.1774,0.1728,0.1759
Thunderthistle Thicket,0.1457,0.1452,0.1538,0.1452,0.148
Tiche,0.2447,0.2463,0.2543,0.2485,0.2543
Tidalteasel Town,0.1603,0.16,0.1674,0.16,0.1614
Tigerlily Terrace,0.2061,0.2055,0.2034,0.2082,0.2071
Topaz Terrace,0.1152,0.1137,0.1168,0.1101,0.1158
Tosqua,0.1562,0.1561,0.1549,0.1554,0.1543
Twilight Tulip Tower,0.1453,0.1448,0.1521,0.1451,0.1466
Tyve End,0.1638,0.1629,0.1717,0.1657,0.1675
Ucupchancombe,0.1917,0.1918,0.1898,0.1918,0.1863
Walnut Wood,0.2532,0.2552,0.24,0.257,0.2451
West Sportnga,0.1908,0.1921,0.1854,0.1913,0.1908
West Wellgreatcli,0.1908,0.1964,0.1903,0.2073,0.194
West Wotton,0.2075,0.2084,0.2078,0.2084,0.2078
West Wyvernhaven,0.2289,0.2296,0.2216,0.2318,0.2235
Whispering Willow,0.1312,0.132,0.128,0.132,0.1312
Whispering Woods,0.2134,0.2139,0.2179,0.2139,0.2155
Whitebeaupr,0.1751,0.1779,0.1827,0.1744,0.1827
Whitport,0.2081,0.2087,0.2002,0.212,0.2061
Willow Wind,0.1934,0.191,0.2079,0.1875,0.2018
Willowbrook Crossing,0.1635,0.1609,0.1695,0.1601,0.166
Wisteria Wharf,0.1564,0.1558,0.1602,0.1573,0.153
Wnaldeanshot,0.1548,0.1543,0.1694,0.1519,0.1625
Wolf Willow,0.164,0.1634,0.1693,0.1615,0.1677
Wolton-On-River,0.1613,0.1643,0.1579,0.1634,0.1551
Yassdrawich,0.2339,0.2352,0.239,0.2288,0.2355
Zephyr Peak,0.1676,0.1673,0.1775,0.1663,0.1692
